/*
SQLyog Community
MySQL - 5.5.47-0+deb8u1 : Database - foroweb
*********************************************************************
*/

/*!40101 SET NAMES utf8 */;

/*!40101 SET SQL_MODE=''*/;

/*!40014 SET @OLD_UNIQUE_CHECKS=@@UNIQUE_CHECKS, UNIQUE_CHECKS=0 */;
/*!40014 SET @OLD_FOREIGN_KEY_CHECKS=@@FOREIGN_KEY_CHECKS, FOREIGN_KEY_CHECKS=0 */;
/*!40101 SET @OLD_SQL_MODE=@@SQL_MODE, SQL_MODE='NO_AUTO_VALUE_ON_ZERO' */;
/*!40111 SET @OLD_SQL_NOTES=@@SQL_NOTES, SQL_NOTES=0 */;
CREATE DATABASE /*!32312 IF NOT EXISTS*/`foroweb` /*!40100 DEFAULT CHARACTER SET latin1 */;

USE `foroweb`;

/*Table structure for table `baneos` */

CREATE TABLE `baneos` (
  `id_usuario` int(11) NOT NULL,
  `razon` varchar(120) NOT NULL,
  KEY `id_usuario` (`id_usuario`),
  CONSTRAINT `baneos_ibfk_1` FOREIGN KEY (`id_usuario`) REFERENCES `usuario` (`id_usuario`)
) ENGINE=InnoDB DEFAULT CHARSET=utf8;

/*Data for the table `baneos` */

insert  into `baneos`(`id_usuario`,`razon`) values 
(17,'Para prueba'),
(17,'Para prueba'),
(17,'Para prueba');

/*Table structure for table `categorias` */

CREATE TABLE `categorias` (
  `id_categoria` int(11) NOT NULL AUTO_INCREMENT,
  `categoria` varchar(30) NOT NULL,
  `descripcion` varchar(120) NOT NULL,
  `bloqueado` tinyint(1) DEFAULT NULL,
  PRIMARY KEY (`id_categoria`),
  UNIQUE KEY `categorias_categoria_uindex` (`categoria`)
) ENGINE=InnoDB AUTO_INCREMENT=16 DEFAULT CHARSET=utf8;

/*Data for the table `categorias` */

insert  into `categorias`(`id_categoria`,`categoria`,`descripcion`,`bloqueado`) values 
(1,'General','Noticias Generales del Foro',1),
(2,'Programacion','Aprende o Aplica tus conocimientos en el arte de la programación',0),
(3,'Tecnologia','Discute sobre la tecnologia',0),
(4,'Hackeo','Discute tecnicas y metodos de hackeo',0);

/*Table structure for table `comentarios` */

CREATE TABLE `comentarios` (
  `id_comentario` int(11) NOT NULL AUTO_INCREMENT,
  `id_post` int(11) NOT NULL,
  `comentario` varchar(150) NOT NULL,
  `id_usuario` int(11) NOT NULL,
  PRIMARY KEY (`id_comentario`)
) ENGINE=InnoDB AUTO_INCREMENT=6 DEFAULT CHARSET=utf8;

/*Data for the table `comentarios` */

insert  into `comentarios`(`id_comentario`,`id_post`,`comentario`,`id_usuario`) values 
(2,8,':v',14),
(3,8,':v x2',14),
(4,8,':v x2',14),
(5,8,':v x2',14);

/*Table structure for table `estado` */

CREATE TABLE `estado` (
  `id_estado` int(11) NOT NULL AUTO_INCREMENT,
  `id_pais` int(11) NOT NULL,
  `estado` varchar(50) DEFAULT NULL,
  PRIMARY KEY (`id_estado`)
) ENGINE=InnoDB AUTO_INCREMENT=4 DEFAULT CHARSET=utf8;

/*Data for the table `estado` */

insert  into `estado`(`id_estado`,`id_pais`,`estado`) values 
(1,1,'Guanajuato'),
(2,1,'Michoacan'),
(3,2,'Washington');

/*Table structure for table `miembro` */

CREATE TABLE `miembro` (
  `id_miembro` int(11) NOT NULL AUTO_INCREMENT,
  `id_usuario` int(11) NOT NULL,
  `nombre` varchar(20) DEFAULT NULL,
  `apaterno` varchar(30) DEFAULT NULL,
  `amaterno` varchar(30) DEFAULT NULL,
  `nacimiento` date DEFAULT NULL,
  `domicilio` varchar(30) DEFAULT NULL,
  `foto` blob,
  `id_pais` int(11) DEFAULT NULL,
  PRIMARY KEY (`id_miembro`),
  KEY `id_usuario` (`id_usuario`),
  CONSTRAINT `miembro_ibfk_1` FOREIGN KEY (`id_usuario`) REFERENCES `usuario` (`id_usuario`)
) ENGINE=InnoDB AUTO_INCREMENT=6 DEFAULT CHARSET=utf8;

/*Data for the table `miembro` */

insert  into `miembro`(`id_miembro`,`id_usuario`,`nombre`,`apaterno`,`amaterno`,`nacimiento`,`domicilio`,`foto`,`id_pais`) values 
(1,14,'Cristian','Perez','Juarez','2016-05-01','Dolondres','data:image/jpeg;base64,/9j/4AAQSkZJRgABAQAAAQABAAD/2wBDAAMCAgMCAgMDAwMEAwMEBQgFBQQEBQoHBwYIDAoMDAsKCwsNDhIQDQ4RDgsLEBYQERMUFRUVDA8XGBYUGBIUFRT/2wBDAQMEBAUEBQkFBQkUDQsNFBQUFBQUFBQUFBQUFBQUFBQUFBQUFBQUFBQUFBQUFBQUFBQUFBQUFBQUFBQUFBQUFBT/wAARCADwAUADASIAAhEBAxEB/8QAHwAAAQUBAQEBAQEAAAAAAAAAAAECAwQFBgcICQoL/8QAtRAAAgEDAwIEAwUFBAQAAAF9AQIDAAQRBRIhMUEGE1FhByJxFDKBkaEII0KxwRVS0fAkM2JyggkKFhcYGRolJicoKSo0NTY3ODk6Q0RFRkdISUpTVFVWV1hZWmNkZWZnaGlqc3R1dnd4eXqDhIWGh4iJipKTlJWWl5iZmqKjpKWmp6ipqrKztLW2t7i5usLDxMXGx8jJytLT1NXW19jZ2uHi4+Tl5ufo6erx8vP09fb3+Pn6/8QAHwEAAwEBAQEBAQEBAQAAAAAAAAECAwQFBgcICQoL/8QAtREAAgECBAQDBAcFBAQAAQJ3AAECAxEEBSExBhJBUQdhcRMiMoEIFEKRobHBCSMzUvAVYnLRChYkNOEl8RcYGRomJygpKjU2Nzg5OkNERUZHSElKU1RVVldYWVpjZGVmZ2hpanN0dXZ3eHl6goOEhYaHiImKkpOUlZaXmJmaoqOkpaanqKmqsrO0tba3uLm6wsPExcbHyMnK0tPU1dbX2Nna4uPk5ebn6Onq8vP09fb3+Pn6/9oADAMBAAIRAxEAPwD6V0u3Vh4bt0VtrXrShifv5aNSM/8AAMfjW7p1uNS8Mqo6aj4nhiz/AHgXQjv6H9M1n6O6jU/C4jUbYkeUk87XDO+fp8oP410Hg6x83S/A8Qcsk2uLc9Rk+WDj8fkH611bN3OSknLVMh8SBtS1T4gRyjaL7xFpVkMj7wRwMD8hXS+Ij9o1bU2Kho7vx1pkGPUQw2zfo0Z/KsOFWvLtZNx/0n4jhcDuke5se/Nbs0ZutS0RMY+1eO7uQ54ysNvcDP4GIflUpts6EpRi0eTRxtdyeJVVQXuY7gYHOPN1BB+Od/6Vuaujf8JD4gmJBjCa7dEZ4YrNFDyfzH41meCYRfR2bpvkeaTSI2OOqyXsLn6Dg/l7Vp38ySya0pxJJJbamwBbgpLrJXj67f0GOtW3yq5xyjztKT0Na5tng/ZfC4KyXGqIWx6LegD/AMdQV47o1qG8WaeoGQbuIDHf5xxXt2tAw/s66DE8ePO1HOMY/wCW8rg/oK8n8KQeb410cFQxN/DlM/eG8Z/TNZr4Xc7XpI+mPh3FFeaIsi7QkVuiDPVg9vayAj8+fevlv44/DSCDxHqWoQMvkSu0oiAzhjy34Zz+dfWXgDS20rRbW3Zg7R6dAkxxyZBBCmT74jFeGfGoKLa8OSrEsB3rm2ehuk31Pju4SPT76RNxUHkAdqsR30kmWjmMYX1703X/APR9YKkDGOOKIpVjUgoD6grXZGMklY55uz3LUWu3COAJxj1IzVk+Inmb94sbgcA9KpRyROCNm1cdBzzU32eMop2BfXiqkrO7M1LmLK6xatlXQZHJ29qd9ssJABkFieFPFVVgiDKCg9c4zU3kxvt+QHB4wOaWvYLiRyWc1w6ksMdCOlOa0t2f5WH51DNaiOZGSEqueo4zVtGKbmYZ56A9KlsqOpA1lAj/ACsjP2IGSKiexVMg/MW96sySMoGF2kng4609JX2k8ZHByKQ22ZM9mgcIDgDr71GYIQ4Ocdtw4wa2UcAksC2fbBH406ObBPO49t/8qV0ifebOduUhiyDlz/s9TXStd+E7xEa60V7q6KBWlde4AH9Koakqy452rnJA9arq5RAuMDOc9zTun5FJa3RZY+D47Noj4eczHOHEY6/XPNN3+Em077P/AGARLjBkaMZPuDmqsiswzke4xyKhnQxuGYlgR+FZ27ml2ldM0Lu78MPZmCHw6FcIFMpRc59etQ3V74ce1WGPw8isOrqo5H41ReMM+5GJU9QKaVwh2/d78ZNJ7WZCU922TarfaBd26RJoQhAIY4UZIBHGR2qO91DQrhYTHoqRJGwJAAGQPpVR4lCnaOvTNQCLzBhlxz+dK+mxLvuW9Q1XR724iK6LHHChztCgFvxxSXWp6Zc3ELDSEW3jO7YoGSaqSWjBgQMA9gahktmVSMg+3enzWE4vqy3capp015HMNHidUOQjY/WqVxq0Ml4LltMiYL91BgAfpTGtizg8AEYxTXiLR5C4wecHOfwo52umgcmm+pGb7fP5z6einqM4wK0bPxlNZafLbrZoZJFKrNx8meMjjmsyRSpQE4z29aiVQZcA4GcEZoUrdLi5O7KwjM8u7ymQkct6momt23EGPKj+EYrVXI4C8dDnrUUjhAxblD29KXM27LQ0krK1ygITtyIuOmM81nyo0Yc7GIzyD2/Ots7TjGSMdhVe8kUJtK54/EVm+qZyuMujPvaB/s9/YtJykOl79wONxaBjn2zuFdx4HhCat8OLbblf9MuGJ7ERPg/+PGuGn/0PVdcVmSVbewWEDP8A1zQH6jpXf+CpRB4p8OlmIisPDs125b32KP0JrsWqbNoJLcyfAkBuZfAeX3rd+I9Rv84+/tikGfzwa1oLoRf8InddjqniHU1Ld1zdbT+Ui/hVD4VwmWT4SEDyytpq148SnpvYAEj0G7H4ikuZ0Twr4bnVVdo/Cmt6ip/hAYQkf+jKTbbNrPltE5XwBaiG60q2wSyahokLYXtErv8A+y5/CoUzdWOqXXI2aRZ4wuBia/nkz+mfqDXQ+CrRLXxZYDC+U+toDuAyvk2Fy3+H51zdruXwrck5M39n6FFJ23AQzTH8ySacmoavqc7pObV9kdt463QfBTwDHKF82W4ic7cgAm2ncn/PrXlvg+Lf4w09lDMUlaUEnHKKzD9Vx+Nes/E8hPhn4Ctj8rCGOXGf7tttP1+/XmXgaMw+Lba63cwRXM236QSf/r/Cs+V8jaOpWctT6Z8FvKba7jkXa3kxuG7H76/+yfrXgnxuB+w3Gfvck47819F6QsLXWoiHI2jy2yOQRJKf6/rXzn8b03afMCSCc9OvWuVLY216HxdrmqifxRf2hVke2CSAtyHUjnH0/wAfSrkPzoSrAk/WvP8A4iawfD/xIN1OD9njAjcHPKlR/wDWNdfomu215ZxyJiRQPlYDIIr1IxaimcDTcmpI2rUFByoDeoq4p5Xnec88VSS4SQfJnkcYFWopzEseVds9WCmpk79bjUZbLYlKKDjcw44ANPh3CM4DFh0qAqhuhIGlxjGwpwfetC2nATGGx3wKhu25bg92I4baA+CoweeKCqK2QgAboc80lyyTFgoYegYcU9Z18pMK3HfFTYSTfkQCMs5Y/MOnPSpo4VJKYOQc8Hg0fbFVmBhOOxxSRzqzZCMCRjJFOxSv3K0kLiR2wM5wPanpGziTCZ9s1O0wLAupwPao/tYTIEZ59BRe4Xs7lK+gIjxgbs9D1FQAMG+Vs5XH0/SrlzKXYMoywPIIppOQQYChPcis+oNdblPq7Etz6HpTHQsxwQAO2KtlmTIaEnj7wwaiVX+c+UxGOc07X1BRbKXlhc4JBNEkDY3ZGe+TirWyTaEKYLcgd6S4hkTGYwABn5jSTZT00M15Mx8HJB4B5zSI25CWzkcYHSpVAPzEjcnOOlSMwZssBzyRnipumhcr3KDPvIH3SffAqJlBYcFPU+tXppCG3CEKp7gioMOWZtm444O7p+FSmo9BWaehXddw5GfeoNuGI+YgdBjFXGkcrhlBPqTUe5iQdqt7nihSBpvqVHYADzOTnjimiFCjEquSeoqzJHI7b1I2jpVdzLlslQPcdKq99irPdkSuqllyd/QD0qObMoAZ/wAKkZG8osCpbPJPekYOVPKA/jSSizOXoROmxVbOQKqzL5iFmBA9/wCH2q6IZDCPMdc/wgDrVO6UpDguCTzgdal2Rlv0PuTUUEEvieckysZggKjBYeaWC47fcFek2J+x33iK4yALHwlIhUdBnLf+y/oa80nIutPvDklbq7Q9QOBuJ/H5v0ruNQvRFpXxWuE5K6bZ2gC/7YkU/j81dEbuOhrBJbGt4ElFhqnhp224s/BTXpz1G+RT+HQ/l9MUNWgFp4Ws7M8mD4fi33Ad5mhQ4+uypzILK/8AEknSTSvh/BCWPRcrK3X/AIB+lWfGNoINU1S32tm20TQrMYP/AD0v5FI/8dFC3Nfs6HNaFdiG6nuSVHl6jq95x2K2JXrnt5jD8azLu3Ww8P6u/LrBPp9s6H0i0vOB6/fH61Y05VtfDmrXR5j/ALJ8RXwQHG7i3jHPT+9T/FkQXTNfKsdsmvzJwAeY7K3iH4dacoqzucvLObTfQ7D44QLBpnhG2Kj91bTEe21Yl/8AZq83+G1lHfeMY45WPkm3uUk46BoXT/2avTv2gZiNR0KBMbVtrhiB1HzRAfhwfyrhfg9afa/HRjZgg+yuc9MHzIl/XcR+NZt2gdavc+jNFtUil1V1YM7TsHx2ONwH5MK+cPjghbT3IORjIbON1fRfh+Ly7C/k37nllMjZPKt5aA59OR0r50+OPGnYRcIDjHasEtS0fnZ8ald/EF6+4lT8uG68Ad6T4Y3Us8VnA7lYO47Yqb4yFn1q5XAYFjnjtR8M48Q2+xRnGRxXc5e4kckYy52rnulh4bt5Iw4kYDHIU4q7H4Ztggy8jZ9WxUfhA3Dac0lw4kQHCjaPlOfWt6N8khgAKy5tDa1jMj0CGFgMnb29KjOioJDgnnjgYrZMoxjIIpjzgDbxQpXJd+5lnRogoGSMHrmkXRo4icltuOBmrU14i4A/EZxUT6ghON2fc9qe+rFdkH9lQI/3izeh70h063xyMegzQ195e75h6nB61SuNVWN/vAg+/IoWrtcltlo6bblcgYGeQTTP7Ntwc4LD+VZ02v28COzTIo7ktiqieLrPC4uY2LccOKpw5dyHOy3NWTTYPOJCkY7Z61H9ijAw7ED2OKqf26jBlWQYxnNImtxsoJO7PQGo9Sott3bL32eLhMBh61GbCAMXYHkdu1Z0urqSQrbfU44qI6uikbZC3tRddBtvc0WghJBwR9etQNbxSfJvIz65rPk1cx8qxJPWmnXBwrnoOvvWd7sLMvNpNsFZud3pmoBp8TfLt2r35qqdYAXZuw3XOOtRPr+1Mfe9gKr4dy1G2pdOm2pIGzLDkfN0/OoprK3iXdgg5xVA6yioOoDcVDPqqlgBuB+vFNSTC9i+tvDEv7sbjjJPpUElrE8mSm7HNUU1hQWGckjn5sVEdaMmB831yOlRqnsZNSZpi2iZSSpUewwKryW8KZG0P+NZk+s4IVGJXvg9ahm1tWKLhVUdwad77G6ZsR20CksI1wR1OaheG33EiMZHBGcVlPq3ktkyqx9jSDWQxyGTBHC9xU311M+psyJHvCBCMjjIFULyCHOFQE469Kqya6FC4YAjqM9KoXmtpLEyiXbjqVAyPzpOXYym9z7r0wrNYaSh/wBc98zHPRlAXn8yRXS6pKp+F3xEuACslxqNrajaeWKmI49/vYrjtOEkV3osL9FjeToD1dv8K2o9bhvvDk/hwLte816K7eYDgrlFIPvlR7Yrp5XaxSqWV0dx4jiBufi9EcBf7PsNMUk/wyQlcD8ZD+Jqz45mSTxT4lUrk/btDg4/6ZO1wPpzVGZjfL8SJGIJuvFOl6crdmUSWi/pvYfhR4tulGu+Jrk4IHiWOEDPXytHEn8yfyqIq7NpXlFNHL+HwbnwC6NjM+hXkW4HtPfJGce2E7+lW7u3M0wGVdL3xJfsOM8G8tojj3AyP/1VH4ZjEPhWG1c7wLXRYiwABJuNWkz/AOOgHFWtGUTDwWg+czavdXTOO+/Vd3H4IfyFNrlWpioylJN7I3fjxNnxNaxYyEsQ3/fUjf8AxNc38F7Y3Hi6UgHCQI4J45FzD/TNbvxwkDeMpAOSunQDPXB8yc4P5iqHwQVjqepyqoY28cbH6ZZv5oKl6QOhX5j2nwzlvDTTHG+be7D0boQffIOa+dvjq5+wAAgfMOM19EaDH5Hg7CtkkTOSPVnYn9Sa+b/jmxNqv+9yDWFkaI/Pj4uSD+274MQuXIX1FaPwyt2S0g2HJ2AHPesz4rbZNauuhLMeo6c10nwxX93EuARs4H4V1SfLBWMYRSk3Y9Qs49Rj02BLScxQOSWXYGU/pxVsi/RdoYj1Yiu/0GJdO+BPi6/NsstxDFbiEsvILTqpIbtxms1kzp9mXRd3koXyvJOBnNct29jXTZHCtcalFkNNn2AxURlvpDg3AA9CuK9A8VwW8FxbpHCm420LEKoGS0at/WucdItrMVTjjB7Uoy5lcTduhzdyL+RsCcbT3Vc1Va3u1UmW62qOpxXQX1/bWNvvkKKBz9K8S+IXxIvb2R7PSZFjt+jSgZJ9etdVNSn1MpzjBXZv+IvH9loAKzXomkOdsUa5/OvJPEXxl1K9Eq2/7mHOA561h3r/AGaCWSRjLM3Id+T9a5eU/aFIf5gTkE9zXfToRWu55Uq827bEurfEPVLwFGvZcHkgN1qPS/EWp3Eey3upvMVt2CcgfjVGS3j8zE2FycAV1OhvYaNA1wsiu+NrR7T+YrsjZK1jnqSla7VyRPFniXSlE73LMWHUnjFavhz47XK3wi1RmaInG+M9Pwrg9d8S3F5KYg+2IE8D0rlb51jfKqFfPDisKsIz1sXTqTWh9g6L4u0bxBzBqKs4GdpYZ/Ct3+z1nG+OdmHXNfF2kapfafIs8TlWU8svGRX0T8LfjNb3Ai0/U0jRgMLJnr9a82pQa1TPShN7M9IbQ5FC/v3UeoPWnf2CWwPMlOf9qups7iK9gaeECRVXdx2FSQziXACBCeQcVzNu2p1q1jkR4fbcQZZUA7daRvDiKvLSbz/ED1rs5rpoWIUZOORgGkErmKOVkChjxgfzrJttXC3kcXL4diJbG8jHOTUJ8PIuWDvkDpya7jzZpmlXrtGSAeKZPcFbeJmQAHIHHFSnYq7SOGXw9HL1Vju6k9qdN4cgUZCMMcE84rtUvnBZFjU7BnIqtLeOqhiANxwaqV2txq76HHLoEW4qYidvWo5NCtlYEQ8Z713Cic3MqsnITdhR1rLkuGZ1BAPYZOcVF7jcWtWjml0a3LnfDuz0pP7AgjBYWrEHjkHFdXEjz3YhCg4UtjHpTDNLGsm0hQTgkDj6Ur9yeU5ddAg4H2QqenAODVefwtAqMBasSeQOa7IxXCTqqt8zDIyMVVlaX7JLMr4WNgpHPGc9PyNN3WxnKKW6PriJVS/s25AW2QgYxjIz/Ws0xSwyxTgHly6up9Dkce1Y/gzxp/wlQVpJB50USp5RbOAFxx+Wa9X1Lwx/atl8LNNiEcN7f6fcvIxGAxKJLliOePmA64zXry9zRnJCXMuYpeBPF0EkFhok2Wv73xLa3zSP90gMmcnucoPxIq54uvme21pwoIOvatKdgxwlp9nyf++iP/1V5TE08SQahArxMfnjOcMpH8iK3oPF6XXh2SwuNwljhuyZpWyZXuJI2bPpgI351EopamicmtDuPDcJSCzi5D+b4fgfJzzGJLg/+hHmm/DxfOf4cws3zNDBc8dSZJLqX/2Q/lUodtOgt2kBd49YhhGDjHk6E0p/Dfn86sfDq1SLxL8O7XBZrfSLMMxGDkWc7j8f3n61m7JX6kwjJTu9EN+L7mXxtq2eNkcEYOewTd/7PTvguGiHiCdF4jjXfnkYEU54/HH51S+KblvGviE9R9ojHT0t4q1PhX5ln4V8SXEfR436joViYDH4uKdT+Gjoivedmeu6dGtp4FtgnzAWSsM85yuf6180/HYlY1Xg85x+Br6at7dbfwXaQqpKR2cagZ7BAOtfLnxzJHViDzgMelcqNb2R+f8A8UkkOrzc7QWJODXbfC2PZFE2D/q8E1x3xVH/ABNzHkOpxkDjrXoHwsjCxBj08v8AhracvdSaM6Sak3c+o30dv+GXL645/wBJFnuCrnn+09p/RRXM61aCG3QKu3bGo6e1dZbeNdNvf2fV8IQzyf25JNbMsKo21lW/85/m6D93/PFZ/iywNvHJuXDqoyefSs5ao1dr3MDxbZK+v26qwYDT7FyPrZxN/WuO1SVLLSp7iQhdr9Scduld9fW3m+K3iUAJHp9mA2MAhdOgwR+X6V5J471JfsUmnO21XYMzBu3pUYaDmlBGTnFU/aM828S6rd+JNSeOJHS2KhRGDwSB1zXn+tWps2eKTCP24wK9s0+60+LQyscW7yskS7eWP933ryLxzrC6vqbRzqUbBA3ZG0elfTxwqpx1ep4E68q8rRWhwOrSxqreaAVA7HvXL6he2smBGxBUcVe1a0kadkDFF5xnvWBJZ/vDk4x3NYtOPU1iklyosRA3RDqQAP4jVa9uJN22NwOfzpnmtFkIpJx93NVfKYncxOeoAGKz577sai72aJI9PklLNKMjPODVu80aNY1eLsM7ZB1ot9QELLG0fB/iPrTdT1XG1ABjGMZobhbcOWSlZIit3jeNhjY3cCqrXQtZVZThgcgg9DVK6vPmDKPLx71DNfpMMEA+/rWEmmtDW1up9KfA34xCK5bStSbzBPCYopHb+LIxnP419ARlHtbWRCSrsR8vtivzy0zVDYXsU0RI2MGHPQ19yfDPxnZ+Jvh1p8sTq1xDJKJRjDABUwD+O6uKrBPVI7ac5fCzs77Tzb6tqUZ+5EXUHp0PWntaKdL09wytukcEDrxtz/6EK6HWrcN4y1uMKQd05AHsCTz+FZstsT4LsXXKSLqNyNwwQP3UBHH5n/8AXXLzJdbnS2lblKh0/wCy6jrkOduy2kYEnkFWU4x34zzVO7s/+JJauxVSJnG/6Bev5110k0Np428QREI0b2F+2XOOFspJjz1zhKwZolTwshbhzfMFQnOf3anp7Y/SspSuly9TCFaMpNqWmn9X6kE+k+Xr97ajau2NyNo4xsyP0rOewA0iF8/N57ICGGegNdk9tA/jeb7KxImsUlyx+/vsVc8e4bp+VYIhiu/A7TIwbbqCDb7SROeMf9c6UW2+Vbo1jUbSas/mKdOK+KruLiRWtJG+XI+9bkjjtyR+Fc/9iEembtuAs+CT1GRXeR6SqeONHhVkVrrTbTZ83yEyWioee/z7q5+0szL4T1KZQMxXMCn0AKyZ/kPyqotvoUpSejjqN0fSPO8SW0YGftFt/D3LRnAHOOtYUUBk0e6cgAxzICxHXO7/AA/Wu70a3dPGXg2WQpEs72e4xEkkGUI2Qeo4IrAtdOJ0vXICqloDEzc4YgShM+/L1oo2em5k6jX2dCN9Mf8A4SDQI3QE3UcAyTnhjtJOfTnP0rJ+xF9E1wGNlEDxPnqOWZfrnn9RXXXca2dx4HvJS2ySL5snp5d04b6DBX61XfSUtz4/spJGjFnFNJhBgAR3acn2C5H41E20tjKcndPb7jB8P6vPo18jK2xt3yuDivqz4bfFCDxl4o8M3UkLWsnh/RJ7doic+YViIZ1PoQF4PSvkEud+4L5ijsR0ra8Pa9cadKrF2iA4V/MOfoTXoOblK1iFDljo7I+qrfw0l14J+F2nylIruaxvppJQvULsOGx1+8B7V5zNaxtPZMF2m4QS7G7qTj+hH4V1Xgb4lp4lk0PzYlgudA0a8tFRpP8AX7zEwYejYj59etZEwAu9Et1yTDZxR7z1Jxlj+JJqpRShd7k06jdRq2h0x1549DvRdyqsqtqV2HyPnc2PkIoHr0A5rufBNmY/idokO0g2NskLHPddPiH/ALVryPXkUWdgg+Yh5X56tlh+Yr0j4L6pPrnxGtprs7rpLWdy3qNsSfyVB+ArJqNr9TeEXzttmP4+ujdeJteeQ4H2+ZB9FIQf+g10PgGaW2+HPiLy25Z3Azzhv3AA/wDHv1rjfFLtPqmrSNgq19dONvP3rmQj/wAdxXUeHnMPwl1RU+SW4uAFfuC0sCj+X6VVZe6kXT0bPdPELCy8Pum7AVAvHfGK+TPjZdLPkFcEBuB24r6l8dTlNPKZAGMmvk/4sTCSaTaCp2nt1rlSZt0Ph74sKP7fMRxtVI8H6qDx+delfCWIfZjuGPk4rzb4rIW8WSxBQwDJjn2FeqfC2IPZSZUYEeODW89IoVPfU+ndL+HGj6f8F7Dx9PLeteSTRwxWcBjVMtdCAFsqSeTu4I9Kf8T2DJdSIMKCAMf7tdp4nRIf2SvDotPkEzabIQRyHa6jdx/30WrkfiRCieHbqXBZcnAA5+72rK+hTuzntZgW28e3gMh2pYAYz02aeP0woNfOesut3rTm4dUjDfNvIAA/Gvo34j6kmk+P/EkzAK0NtJCAAOXaxCDIzyMsM+3rXzFqukHVpEEoJzwI0P3z9fSvSwFD95Ks+y/U8acnGlGmzX8D258X+JBoul6e2oAMdrK3yBe5PGD2rsfFv7HN/dKtyU2q3VEj6H0Ga+mv2NPgrY+CfCh1qW2U316M72HRe2M+1fSE1hbyxkPGpXHPFdFbF2k4M0pYWMbTtqfkR4h/ZO1PTm/d75JT91NnzGuD8R/s4ano4Mk+wZ6qM5/LFfrdrfhSx1Qz34iX7LjEI24OO7Hvyf0r52+Ivh+3M0oEK8ZGRzXJVlyq8T0YUo1N0fnVJ8HbmMO2xto/iUc1EnwxcoqbDnpnGCa+uNT8PwozEjOewrmbjw9DG3IQDOTntXnSqySPSp4KDd0fKOsfDW7g3FUL46iuJ1bwvewM26JhjoDX2PqXhuKXc4KjHHPeuL1bwrFMXBUHPqOKKddx1Crl3NrFnyRcaZck4ZSoXtVGaFolyUIIr6S1LwJbAsfLHvjoK4vXPBMJyBHnHoK3VbnPO+puG55FFIVQE4Ht617f+zl4mFpqt1pkgG66jYpkk7sA/Ljp0yfwrybxLox0xxiMhc1c+H2tnRfE9ldk/JDJkn26H9DWz1Vmjin+6ep+nOowNc/EnXAxwkkV3OufU6e03A9jWVJdqPBFqi7iTrU6t2AH2SJhj64P5VvWV7BqXxIgulYRwXulx3CO33XWTRg5OfxYfhWRZxpe/D0ygDP9twtyMf6yzlx+OIzXkKLdV018KSf5/wDAOelJ06EH9p8qf3nQaMI9R+JqrKkaLNpcnQYG2XRS2evPD9//AK9cjYxxXngGR23GSO+tSHPQCSCfgj1zH713/h7RFj+KngS2iDA3eg6f5gYc/Po7Q8/98c1xPhSGJvhrqTyMAUn0iUhj8wJS6jA/8iH8jVOfI/aRWjsvxt+p0xioxjSbva2tt7G1Z2ca+OvC0S7ZJLnStJwOPm32UcGRj12GsHRraO5+HmsT7tqx3umSKcdFKXSY/EuPyrrdEsWf4kfDSaUBhPbaFJkfLwk5TH/kPFc5p+krB4O8ZwxZC2NzpwGP+mV68J/IS/ypKi+VQ+1o/wAbmScVJ17bpK3o3r+JoWqPB8RPAtw0Zk322jhlLY5WZozwP938a52BFXw/4rghJURS2kgxgkbLoxEH2JlxXSapEunWnw01KZiGFgWKDoDBqUxyff5lqO30uCyuPipZSfu1tLe+woY4XydSifI/754+tW6fIub7P63M5RqaUubXfm9JXt9xQXy9OufA+oscrDGHJPQtHfSsePbcoot9OWxu/iHaOd0tvDfDfIeVMd4np9MfhVPxEsUnhjw6+7aU/tC2DFiNu2SKVsfTzs/iK67W9Oe7+MnxCs7YLCLkaoVCkAMxtHmHbAzIRVRp2j+8euuu+lyHN1OapS6XSXRu+5x+u7X8FeF3VXdbaXUreRwcqCrQTbRx1/f5/P0ro9VjS9+JnxBsY7be91Z6miopC8m1NwrD6soA+oqneh7n4V6MY0RkXXrhWYdQJLNCM+mSg/75FdVb6TPH8b9Ij8xQ+r2Fo7exn00Q/wDowMafsnJuWzV7L9QqSa92/Mtb6a+iPBoSVHyZH971q1E4ZQxBPuwqhFtc7w3TseKvK42AE8Hoa2k7ux660VjW0nVTYyht5KZ4YckV6poHio6/rds10wEqoqDAxuAGBXkCOACoKq3t3q3pmpm1mJ+Y7fTtWkH0Zm6b3R9FLaiSxLSIWkSKCNARnBluAuV98Aj8a7z4N2K6X461lwd32SwuAhPU7ZVXP5qfyryT4e+KV1m9tLeeT/SJJrUIeMBI2Y8n1y304r2f4U30KzeK7+YHNvphmeQ4Hyu0rnHpkoT+VaTSsZQup2PE/D3iM3ejw215IftCqFZwSQ5HUn8TXq/h9UPgGyt2B8ye/to/c7rhiv5Yz9BXhenwrbSQQJukUAyM+OMls45+uPwr3nQht0HwyuSfO1OyUj0Kyy54+kg59qyqq9kdMe56V8RtVCGWFCcx7VbPuM8V8tfE+Z5pZTgZ2E4HWvon4kX4+134TcSJgDkeiAflXzN45uS9zOwO8Y6entWaL6Hx/wDFAs/jy6VWXAkUfLzkACvXfhVCDZyn/ZHWvI/iOyTfEG+TiMi5bovvXsvwshMekysxwoxzWtR3skRSaPr/AMVQOP2XvC8e7Je708gn089WJ/nXOfElEbwpMQQ+XYYU9PlFdf4ugiX9nrwDA7NFG8llgD18p2AP0x+lcv8AElBF4dt9oCM0sygDuQIyP/Qv1rGWw3dM8v8Aj1N5HjvxTglWN0Fx6YijH9K8d8J2jar4lgRhuUSAMcdea9m/aHszJ438USrwDeuSWHoqj+leM/C+7li8aQwKPMd3BIPQLn0r2sA7UFY8aq5e1UUfp98PoY7fwdpiRABREOgxzXQnkVg+A12eE9OVuGEQ3Y9e9b/FeRU+NnrpaWZxHjsNHaiC3LoMfdQcV88ePlMXmAkgn1HP5V9FeM7tbYtmQh2BGPavnvx/LbXDugbd6nPQ1pOVoI7KEbM8X1RlDtu6gcEelcxqcsOTlmJI7jFdbrECyyfK446cdfxrnLi2DOEJDD125rzakj3KMepzV5h4MBsn6VzWooQMHAPUV217ZnZkJgHvjFc5qNgI1Jzz15rByaeh2Jx2RweowSPIcIAPbisa7s42+Vxt+tdXqEAlGQckdV9awr0bj8ybcfnVqrpZnJUgtpM858XeE7eW0ml2hioJxivFvLNpeYjGDu5HSvpDUYXltJ0Q7sqcetfP2u2slpqsgIKtuJO4V3UZOWx85jIW1iffX7KXiGXx1deDbe5le5kithYneSWytnJFjJPPTAr0HwzZtcfC3Vy0gAtb/SJgw/24byLH8vzrxH/gn4CvjPw4pjkUPq0I83dgEMdvH54r33w3ai3+FXjO2G4m0udEBTHOFuJ4x/M1tKKg+bq7HmQT5uZrQ7Xw0Anxl+E9wzAmTQtGztGBzFPFx9cGvP7TTEi8N+MIWxssp7AqBxkx3jQ/+1APxr0W1t/sHjb4H3ABzJpmlwHPXKXDIf0YDiuabS83vxet2cLb20V5KB3Bg1aNv0wRUOyWuxrKN4cnX/g3JlVbPU/g/ffeaW3tojxyfJ1Rxn8PM/Sq1jp4tH+L9mIzttrO+kQE94NTRgf5Gp9ai8nw38JryLpGupjrn7moRt392rodR07b8TPjfYRhsSaLq5Cqucs4hlH6mtOVN36g3KT50vkcF4xgU/DvwJcnPl/Z9ZgZjyQEvFYfjhya6HxJbC++KXxVtooQ0U1hq4SMf3vKS4B+pdCfxqj4rRL34K+G2QAbNa1CyDr0TzLdJP5pXW2lt/xkZKCpKatYmZBu+8JdIIOB/vKf19Khw5dehEoe64/Z1ueZaykNz8MtJVSvmDWryMNt7SWkLHJ7/cXjPau8vbDzP2iLfY3kpq0NvMpAHH2jTPKGR/v81xGh20l/8GEnIVjBrNlNJIccGWymjLD6lUr0C4KL8Z/hrqI+b7Vpegu7erB3Qj6Y2/nWqhurXvci907rv91jgNBRZ/gvflss1lqmkzKh7NJHPC2fzH4iuukVrL4ofCrVpWbN1pmi9usizSQsP/QfzqppWms3g74sacw2mwuIJ9m3AVbfUnBI+iEj8KPG0k1pofwh1R5Sot4LtTxnPkXsTjp7E/rW8Y8z1/rQ56rTVnt0/wCCeAwqhwD8o7H1/CraSEsqhM+hx0FUoNoYDdn0PerkTqikZwfU9a8923PYVrWLilQueoPrxSKQJCQSAOuKgM5P3t2wDIqSOQSZJAX3PWkm+iHqjc03VpLF4+Ts9u1e2/Bfx8LCXxUNU1D/AEXUNEktkilXIaVciJAwHGRJJ14r56NyA2WyUxzmt/TbkQ6a0o3DB42+ldEG3o0ZSXVbneW6Ti/RWcNEsa7HXByxYk/pivoPQbItp/g0HJCalatgjO4ZHP8A48Ca+cfD99HfSRyeZ+8IVPm9Bnj6819W+GbMPpfhkgklLmBuO2PKP+FFaTkxwva7Mb4jSFL2/YcKbiUk568186+KruMNI8jbBvCgsuR1719MfFSBM3H8WWkY/nXyR8WIGl8O36lJHTIJMXLKMjn8Ov4VjFPmsXOVoto+aPGky3vju9kBUoL2Tlccjca91+GcCDRJmH8WBg188MftGuxktiZW+YHjd719I/DSLboIVf4mA4rSqrS0Znh0mrn2F46Kj4L/AA+ttuGlls9n+ziBif0zXLfEOMHTdHjYud11IyrxnlogcH04Fb3xMlNv8O/hpGWXaLmPJ+kLKMfnisHxYWuL7wwhYssl4o2npzLGCKi+hq9Dj/i9HHcT/Fe4eMMLaC7cE/eXDBdy+hFfOH7OsT698S4reIO7yS5BznAHJ/QV9P8AibRrzxDp3xrtrJDJez2OqWsJHTe1yQo/+t7V4x+wnpMS+NtfmnhZbyyiXlh03MR09flauvD1OSLijldPmmpH6H+FQLfTI4CQAigVm+LPij4f8IxP9qvojOBxErAn8fSvD/i18ZNQ8IWUqWcZJwQWB5+lfCvxV+KXiPxLfuY2uOc8Yzgmt1h4zvOUjSc3F2SPsjx/+0Do2p3zML1Nxyqr5leTeIfiNaXqsYrlDnoQwx+dfE+qW3iWVGZmlyT1ZiCKztNvvEdjPmS4cp0IL5OK5qlGL+GR10q842XKfYb639tiXEm4A9QcjFUZ9SERL5xjrXj3gjxDdkGOWZyD711Oq6hKkYzIQB0wetedUh0PepSc1dnTX+uqkaliMdsmuQ1XxRAXJkl2qvUFq4/xH4qkgtnBb5x0FeN+I7zXtUnbyXcxseNp60QhfRGNXFzpu0Ue3XvjXTYsnzk9+awNR8caZeMdsq4HfPNeKf8ACK6/djBEn51SuPD+saeSXicAdWFbfVo9zzZ4uvPdHvNpPDdruhdWVvQ1418S7M23icocYbkHPatDwDq+qW2oxwMGaFjg5GcVc+MOnqmq6RPkAyo2W6ZwR/jW9GnCnKzZzVakqkbbH17+x14Ql8KSfDDUZXUHV9StrqIZ48r7W0fPPXdG/p/WvYdFtx/wjHxct1wfKubJvmyeI9UkHT2zXKfA6OOw8HfAOfYqFoYY9qkHDJq03Jx3O/8AX1zXb2qeVN8Z4GwqLFeSEegj1QFf0qJzUpN9NvxOKKcvdZs3NyUm+A19n5iphJyOdmoQg/8AoVVtVtUt/GvxosWYMX0vWZPqfOjlyfpmq+uaqE8HfCS5TH+izamQ2OVKXsJH9T+ArY13T3m+PfxL04sf9Ps9ShB9A2nq+PzANNtWszRrni+5zPiGIR/B7wLdllEtvfarBkHg7pFmA/TNej26xXH7Tnjm0X5v7Ssp4VXoGDafAx/VTXmmqQrffALQ5gcqnia4hwnVRJYFjj/vk16lYlYv2rtIkULm+sIJTgcNusHUj/yHV3uUlrdHltvnU/2e9Nbq9r4oR5j/AL+msP1JX8q6jTp40+Ovw2vi5C3WjaRtOeMPDLAR79f1Fcx4fjnX4BeI7fjdp2raWXbHUlmhb+daDzJY+KfhDqZYhpLG0i+YYIW3v5FPHphxSb1MpRb1W3U5zRI/s3wp8X6Yu0JZXulAc9fKunhPX0JX/vqun8R3SRD4M6kwUJHp4ieRuCPs17GB/M/pWPZWEUWnfFSxmcBbb7RIuOzQaojdP+A1a8axPL8LPh7e71d7d9Ws1Tpl2ljlUH8EP5mnBpt2Mo8z1Wz6G9PDFbeL/jno4z/yDdWlVMEBmLx3C8+xkx+NYXimI3fwF8EzpIrS2ut6hZhh1XeryqOv+yp/Ku+W1km/aW8W2flq0Wr2UgyTwySabGfxyyNXntgGv/2aI7qQnOn+JrWUgjB/eWqxfzkNdULGb5neNrnzvCNxU8ZB6dxU4LxygM2wdvSqluxjUYwCOvvVuHaqhm+97V52qWiPRavuWFlBk+YlcDgetWeJF5PzZ9SKpxPumHGG7VIZWLYC8E5ye35VKTexorRLpIhADgMG/IVvx/JoW9R1NcyjkqwI3gdieK6WUbfDcWwKjFv4uRitIikR6VqLafMJk3E+ma+lfg/8WRqMukabfSpHbw3KSGdzygGDhuenygCvlmEnaq5bOecd/pWlpeotp0++KQtzyM8fSjd6mWz3Ptj4oXsMsUjwlXRlZgynggmvnZlW5u5flzycrjINanhr4hNf6K1lcSb0RNqLJyVHoPasu0y9xM2AQ2ccdKtRs0U37tz5J+KWiQeH/it9iswY4JIxcBcHCFiQVHtkfrXu3w6ATQICRyGXgcdK8U+L0+742zIOZY4IwT36Ej+de5+AYi2h2wUBy7KQvr7UV17yChJOLZ9XfFr934H8Ar1b7QExnA+7yf04rA8QIZtc8CxiQqHv4ydvIP8ApEf/AMSfzNdB8Uyslh4CtJrlbKPyridMoXEkqPCqRjHQkOxyeODntWFqgiufF3gaDG5nniI7BT9o4P5r+grnm2krGtrmHrHxRu/BfxTvvC+j2kGojUtWlW6Yr8zyzTMdue23cB+BrP8AgZ4SGi/E/wCJF1HAsMU11EsUanOwgMXH/fRNYWm3EXhL4reKvFmpoZf7JvbhbdH6PcSPIoY+uAHP1x6V6h+zZG+vnVtUlGft9+0hPGSMD+pNdNKXNGzPQr04U4R5V0+84P4738ej20z3Ue7ngY618m3PjOK61QQTw/2ZZMSTdSwsx9tqjGfzr9V/FvgPRNXtjcXOnwTTRD5WkjDY/Ovnz4o+C9EjspkTQ7SWRlOHEYBrqpKlJXm2edebfuI/PD4geL7HS41CPezLLnbM9uI0f6cmvMR4we5uSQjCJSOWGa+gPid8OdV1Avbmxkks0OI0XnaPbHSuW8Hfs8anrt6kMVg4jJGd9TP2d7RRolUvqyz8LNEk13V7QKMxSMMkL0Fe6/Ff4OSeE9JjmVvOEibiy9AMV6z8Gf2aD4bt7e6ubbYUxgkda7j9pHQ1tNAt4WZARAMDd2xXHUp2V2d9Cd5creh+XniGN7nUWjH8Bwa5KbWpbe9aCFTIkeS2BnFepeK9I/4m1wVUqwY8iuC1Hw7JaTGWCJssPmKnk1hTkpe7cVeDi/dMST4kW8alFW4SQ+gH+NVR46aSYJJtlVuoYYalfwgkty0gidJCc4YcVr6X8NluJRJLGzHrkCtG4xZyqNWTsWtGaGeZJoSVGc46CpvirYvqEXh0KCWd5EHH+6a6XTfB50uNPlwB26UfEC1WGw0G5OF8i628cEZGc5/CohK92xzpW0PWP2XfF9yPGvh3QrkgWkF3byQpzwyzIxx+AJr6g1zT0i8b/G2xBKltM1WXC9QPOim/9mBr4u+Ed09l8VfDFzECf+JjbcrzwZVB/ma+7dY04zfHn4v6ft3C80TUI+T132du/A/CtLOatcwxFOKVoHH+IWVvhP4In3APBquowA54G5Y5SMn6V6LqNq0/7WWrwklVvA236PpIX+YNeb6tEbv4AeH5MB5V8SXEKcc7nsWYdf8AdNen6jOE/az8OSMmEurO0lDdyXtp0/8AZf1q3G6szm+JaHmeiQi9/ZlaSRSVtfEVs4z3Elmsef8Ax+vSWhki/aD+GN6BgTaDpzyNn7zGO5jPHtlPz9q47w7ZpH+zn42tPl3WGr2B+Y52kXEcf54U12+qzFPH3wOusDF1pdsm4Dk7HiHX/tr+tbLUpRS1OHtNP8rwR8ZtLXLCx1GCY7vSHUpOfqNlZXihWTwj8KNRbjy11OJnUYYeXexshz9C1d5rGnCPU/j/AKaBszpt5d9cA8LPn/yIfzNcd4viLfA3wVcRkIbbWb62LHgqHiaT+aCpdrkuCeo7xHpuz4l/GSwt4jsmsdUKxjglzElyMfUqfzqprZNz8BfD88Y3va+J5oumcB7J2z+YHT1rs72A/wDDRuvBlDjVLFniBGcrJpQX+aN+tcboLPf/ALNGpsAC9prWnXPI+6JFSInH4mnC1/eXYx5VzN3tI9BJMX7SPgS7MjIuo6HYPIy8/eguYwPzA5+lcd4e01j8CviXpEcW4ade2Lgnrtiu9pOB6CI11GtXAs/FnwO1I4zdadaQs2eWMc0a4yPQzH86dp2nMmm/tCaRtw5g1C5jXGORJcSL/wChpW6+G62E4Nv3tPM+MIC20gAFiewqwrlCcn5sflVOKYFQVPPXPTNTQ/vCc/N64rz0jqtzFyLayhuS3TcKfnaN2QcdTVaOXy/uLgZxkmrCzs7EqfY80eY720JoSIwAmfm5z2rqtTAg8P2Kh859uvFciJQjjA5HGD6V0utXQ+wWSD7u3Py9jVqzV0KdmzO3lZM9MDtU0LYbLElT6VVjcvERySeckdami34wAD7kUk+5Poa9lemF0KOQfrXdaT4nF1HEH8uFxiPOQASemfevNlJTgAdehrWhmMNgxUYy4rWDXQmbbWp4/wDFPSrmD44ahcTQskbxRCKTHyONgyQe/ORXvHw+Jay03cAoEi5rOaW01O0mttSso71XU7JXBEkR7FWH+frW74ZsU0+XSlilWSN5lOAclOehp1G5O6NKTUI2PpH4xSxx2Pw53/M7O+xxz/FGT/T8qzFRJfif8P028LHFJ+P2iY9vp+tN+KN08+kfDwIGYRRSMTjOCWAOT2+6MfjVfRb6KT4s+DGH/LKJBvPOBmU/+zEfjWMo3VmhuaTuzivFWhv4ts9YaF8T3V1NLEv/AD0dJ5Fb8SNp/Gvav2d9Jbw/4U0uGeBoLkhnkSQYIJY9vpiuD+FXheHxnpc95LM6Q21/JcBk4By5Ygemc/rXrGiXE1tNCZGDycgmPp+Fawg0d8qjqU0j1G5kj+zybyCu05FeB/EePzppUgXco7KOM17LaPDeQA3BOPc1598SdQtLGMRwj5mz0HNX7NJNGVKyZ8+XHh0zTk3IUAn7i16T8MdC06O+hiMSJGCDiuB1/VjHOZMgL6ZqLwnr2o694w0rRdNm8l7uYLJLnAjjHLsfooP1rmjLlkehUgpQuj7HutNie3hgiULEpzgV80/tO6gLvfbxk5RCuc56dq9vufHmieGbY2kmoLd3Crswre3rXx38a/Gyajqt0PM+QMep7VVSVo2MMLG07ny54qgaHVHMijDcDNR2OmQ3ybHUEewq/wCMLyDU5MK2GB4INZ3hm+MN00EkgJHQtXnOLavbU9dcvNaWpfg8KQoTmMMO1a8em2sMakxhMcHNXhcgALn3BxmqOqXXmJgHbxzXO+Z7nT7GMdkYusuFc4CN7CsDxzYfafBpCoHnEqMgxnBzg/hgmpdVny2d/fB4qtdXCXFgsBbgnDAmuui7I8XFNTkkuh0PwHsQPF+mzttd7IrOzD+HDDmvvXVLZx+1b4mhC5W9spVGOOumoP5pXyD8H9CsbDwZd3VsyNqQ1QW8mG+ZbUwb1bHfMgYdf4Rx3r621bUlH7W2nzLOpjurOFzk5ysljKq4+pAr0Iq6PKxNVtt9jzrThJN+zXaSM/z23iKCUM3bfZFB+pPPvXoGt3rJ8d/hleFRuuNF0ZmOe7yTq36EV5d4dvw37O+pRhlGzUdHkKdMZ3KT+gH4V1vizWlg8QfB3VCSoj0ay3Meo8q5AbP05qlZ6M5VO/wmhoNrDF8PPjfZngW96JtoPTy72bp+KV0PiS5MUPwGvQAUj/cu/TBE1qP6N+Vc1osiW0H7QdmwLSPbancf73l3E7/zl/CpvGOttB8Jvhbfr9621O5gYnsBvf8AkgNapa/12LTTR2mq6dv+OHxSsXGV1Pw9MQpPUG1t1x7ZKN+VeWCVNV/ZttLnOVtfFEcpBPTzLPYB+cgr1nUrxH/avniL7IbrSUtyrdG3QSHOPT7v/fNeJ+FLtbr9mLX4QpR7bUNHuyp6/vJI4/6Cnfa/kZSlG9rndfaI/wDhoPwHeAlft2haS5z1+cTRf0Ncn4It2/4Ud8R9MEmDpz2EvJzgW93830P7vBq5qWpxWnin4TakGCqdKt4m9QLa8dePwf8AlVLw+v8AZmn/ABp0mRhIU07VHI94rhmB/I5pRab8jCdRRdpanTeNbkL4G+D+sjpZXF1C2091uInOPX/UGu48O6dFN+0N8UdI+f8A4mFg5CHo3mW9uSfzYj8DXlniS+Fz+z34Q8lj51r4kmt8k8gPbTyfzxXoOh+IF/4av065RvLj1XRrYnHIYvbs3P8A37X8q0taLtpv+ZpOcdL7HwdFK8iDkqcY4XANWY5A2Rjaeh96owTFSc5x0571MrELlskt2Aya8u6judaStqW4nGAowPVamGVO7AK45AqnExYrsBIJyc1ZzlgQc/hVpuwcqsSkvH86DkjI3DIFaVxfGcQZOCi4wOlY125EL7sgYwMmjT5H8n5AD7tzVRbtoTy66m4nTJOF96lVmZflGdnpVSOXdGUYgHHJPSpbWYxBgD9Ce1FmXLsXopDv5AwORmrjXheLYcKM561nIxz1359OpqG0m238i87sYINaKLepm07G9bTKCMPnPrWnbTNBNHJDIUYEEbTxWHBMHkGFyB/DWmk+0DaduR1NbqOmhHvR1PatI+PKy+DtQ0HUFCSPaNbRToOSCeQT24rl9G+LHh/TPHGmX15qlrbm0C8S3Cjpng/nXnemrFLAwmUkljwa5Hxx8NItWgkntn2OoJGB81LkvsRzJ/FsfVvwC+Kfhiy8FXmlrqlvPIkgcrHKCxXaByPwr0zwv4wtPE9rLe2RAijmaLA6DH/6xX5QWVheafcGRL8wupO1lYg4/Cvtr9jHxE1z4O1bTLm8+1XEN15ocdg6jA/8dNLmfwnpRnGUdD6nn8RCKAgMwI5Ddq808Xa39oaR5HYMARk5/Srup6pJH+6J4J6jtXAeOtRZYn2Dkjrz1pOdlZmkVqeaeL/EqhplRixBwMirfgPS9bimGsWR2TeWyIGHUEYNclBp11rvii2tB9xn+YY6819d+E/CtlpGlQwMv3EG5geBWdKi6rvsj0HiFTjZbnxre2nxS0XxsupyiS6sEcu8U20oyd19R69a4b4seNJFvZpnVow43GPuD6V9xfELVbS20yWC2hEjYI3Yr4m8X6PF4g125EsKhVJBBHf6VVWMYbGUZ1Ju60Pnu/8AGt+14zquIieEPJrsvD19PctFcuuxyO9P1nwxa2F64Axg8AU37WlkqgjgdPWvPq+8vdNo0nGV2dp/axCKC2DjOaxNR1qWTfjoPU1i/wBs+d8wJB649Ko6hqgOdzEA/wA654xTNJVb6INQ1R5l2h8E+nNOOoxxxxb9wJ43diaw59SE0igADnGT1Nd/4D0hNTSQtYDUFAGFL7AD+RrqjFNW2POqzs77s674X6ha2Wl3N/d6jbwqLiOJbZ5AGcEMS2M5wMAZ9692n+K+jSfF/QNaOqWRgitNOjdxcLtHkrtbnseOn+NeLr4Vthkr4di2g8gyj/CiTwva3Dl18MWwfAGVlwT9cLUc6p7M86onWd2j0XQPG+g2/gbxBokmpWYLm1MKmcLkwS7gVB68Eirfin4iaXqOn+CUXUrP/iX2c9s+ZgQmZw4z3HB/zivLT4QtXcr/AMI/CSOzyD+eKsr4cg2Af8I9b7wMbhKOf/Hc1oqik7pkqnZ3tb0PbV+KGg3niT4iSDVbNYNd0vUY9yzrtZpoy2Ae53DH4ms/UviZpGpfC3QrL+1bIz2WtvceUZgWCPbsp4z03V5RbaBBDGceGrdgcg5lH/xNXodFtig/4pezHHA+0Dr/AN8Vqp95GU6XNLRP7z2a6+LWhN8aPDniFtbtJbYafp6TyJcqSrRh0lDHPGQTn/erjvD/AI40LTvh/wCLPDrataRtNHarCzzDMrQXSOmPX5Q54rj4/DsClnTwrp+PQTjn/wAh8U4eFYPvf8IzYqO2ZhkfklCqLa5fs+8b/M6zVPiPo9xYeEphf2slzpq3EWFlG5VaVXxjtyD9fwrb074p+Hf+E88WXk9/ZJa6zbX0cmbgBT58bA8/U5ry6fwqduU0CxJHALSbuv8AwCo4/CjBk3aFYKVPygydP/HaSnFa8xUadrqx3sXxF0Wb4U3WlSavbG6h1W2voY/OUciOSNyB7qw/Kti2+L+h2Pj7wPra6nZq1nYWttMVuBhRDJIACc90IH415ifC7DLrotkrDsZM5/HbVceGXVADoWnBs7ifOJ/TZVSrQau5HLUopu3L+JwluiphQ8hI7k5q/FHgAnO7rwap27GZjjgAnr3qwsgYHBKqevoaybuzsUUWEEhcZO3HoOamUMDncDz1zVEzEP8AL8q9wO9PjlGcLn0wBzWiitw5rbkmozFLZ8gu3bcak0k7YgGP3h0FVdUZfsvox7HoKl07dtU+Z8uPStI3tqK7bNlJcYXhie5qyjgEKTkHvmseIkEHJPbOc1dWRcBRnIpqw3dmmkrAAnPHAY9qrafKJNTudzDHQADr9aIZiBySRjj2qtpMqm6uZCoLFvSqXkRJaG+knlj+SironaKMgoc46dayY7gbhjO4nirBmKZduFI555raF10IdkjQ0qZ2tw+GVcnIbGetUPFuttbaNcgSGMlSBim6dc4sY/m+YjNcV8QL9mspRvLE9j0pt9Tn5W3c8u1C53XKBG5HcnivoP8AY88ZDSPiBJpssoWG/gIAJwC6nIx743V80XOXkQA7MDtXoHw3kPhG7svF9/dGy06yuQYiT891IvJSMd8cbj0Gaxp05TlaKOqVeGHjeo7H6N64hlkEy8fN2rlfF9pFNYvIyhQi5JbvV7R/Fdv4j0Wz1C1lD29zEsqMpyCCMiuY+K2tNF4YnEeN+3qM4ApySS1R6MGmrnz/AHvxctPA3iaS5cF1jc4wAxH4V6xpH7UH2rQS+mWF5qcjDn9ywAPua8F8M+Af+Ey8Sebdrm23bjuHB5r6fsJNP8I6NDbwQxosaAblAH/66dHlfxOyL5bu9j5/8X/tB+KdTkmZmNkqEgQ+WQR7HIryHV/ivqIiln+T7Q5OTgCvpD4i/FS1kSaKS3tZVPXdGOa+b/E2r6Lf3krHSrdWboCnC/T0rOt7NPRtnpRjLlXLY4Gfxxdz3Mk00iuxPIJ61HceMLS4CtI/lsByPQ1PrEVmWYw2kakjggVyc+iCacs6qOOmcVz+5LU560qkdGzoNP1VLuUtExfPU5q3dzOEDEg9uDWDplsumttGEGeTWnqc+xkwVzjJrJ76GHNdEdtI5ncOO/BxX0h8H9MNp4XjmkTEkzbtxHUdq+c9MhjvtQt4FYI8zqgLHjJOK+sPD1tHpumW1rE/yxIFGepwO9J8trI5p8t9DbCkA4G0npu9KWaBhhgML7VGkvQbvqetSySoEwTkn1HFczjGO7M7pbMYImkAZh0HrUyW4V1K5VvY80xZWXnPy9qa05L/ADHdj2xQrL4RxvfUt7eR0wDyKkS3CyEkBfTdzxVeKRuC+Ch71NJMG+6hBHQnvTi76sb9S6kak4DY9gKkACsAQCPeshZSr8ncFORtbpUrX4K/McEfxCr5tASbL+F3kZIAqLarFto+Ud/WoYrhWUEPgUrXAGAWyD1xS06IT00ZZjiBXdkjPT0pr267c9D3zxUa3Xy4Y4X0aoJr1ShCnp2Hes5e6tUYyTtoeEQlg+3eQh6DpVkIr9ecdOao2rGM7X5wOO5qyPLC4LFX9B3r0HuN6LVk6hTtXJz9alXbvwMsw9eKgkKxt8uPm5yP5U2OQCbLs3/AqOYacVuN1S6wmxiRz0I61ctd4jRshQRxjtWXqS5uE5Lbjkkd61Ldiu0Y4GBg9K1W1zFJuW+hci37gT1PH4VOivCDxnPeogx5zgN2AqZW2KNmNw607uxo1YsJKFGOemeDVfSZtzzMMZLnr1NPBZkJ+UHn2qvo6YjkKtl95JpxXczaubAZhIoyFHSnXFziKQMoKgHmq0ku4gk4YDj3ovH/ANCYht2FJwepNaxaTtIXS1iSK6CaemRjjP0rz/x1dho2G44weQa6/eTYgAkADJAPSuB8WSNdERqvHOStatOTtEhyS30MjwV4bi8R6u73rNFpNjCbu9kT75iUgbVP95iQBz3J7VzHxT+IFx4p1hS223srdfJtrWMbY4Yh0VR/nvXpt9bP4O+ENtD8qahrt2biUEYcW0RKIp99+9vcN7V8+eJiVuCrAhmPFfRRpRw1BSe7PlfayxeKdvhWiPvb9lLxDczfB3SvOdpIFkmiiPXCq5GPoK9I8Qz/ANq2ckLEOo6LXn/7LfhwR/s56IMMJme4mUtyRmZyP8+9a99eT27yZY7lOOelfN1Gpts+3gnCKuXvCGgraygIPmJ67elbHjPSL+SwKxDIK8MP/rVn+E/E1tLMod0V1OCCf5V6Rea7ZraxFgjgDqaz5DeM7nxt4w+F/iXVppfLtnCDkknH414r4n8Ca3pN2UlMibTztNfcfjrx9aWQnhh2wEg7s9hXzh4r8Tx6xcvgh8E5Y96ym0tjujTUl7zsjxuDT7hVdWDHHXvmoLjTzFh8fOOtd7NNAQQ2Mj0rD1KRTH93aD6Vyyc5O5q6UYr3TniuEy0ec1Qu5ymWZOMdTU+oX6xEjtiuY1LVWlJRDuJ9KpJo8ytO2hn614me2vLUQOUlVg25eMEHivsb4X+K28T+ENPvZzmcptcjuwOD/LP418J648jatCM8kdBX0n8C/GVrpvh/7FeSvGC+5S33QeBXZ7GdSk3GJ4060adZc8tz6ME3zYDHp344oe83fh2NYtjqsV3GskEizqR1Q1O12dvyHB6kEc147UlpbU9dNOPMrGw0uMgHJ9D2pzSiVBtIO3r8x61jx3Rc4xz7d6ebgtgFQuPeo57aNCSb1RrfaiyAE5z2z0qSafbEAWORzyaxhP5vD9+Md/xonneKVYg+9fX+lJ2loimnbU0jMGH3s+x4/lUpkk8sHrjsaxxcMEPH4CnRTtGSwYqT19MU7taCUG43NYXm1Rxk+1O+1k/NjIrIluZCx6Nn+I1DBdAE72OAePWleQSi4+Ruf2kyZUhfoTVea7Zkchfmx93OKotdjCkEHHGB1qtcX/lk8kE/dIFPml2MWl1Z5nG4SXht+evt7VcN1vQZRCcY5FUo96gYKhj1x1NWUDqXMiEsB1HT8q9BpXsY8z2JAwI2Fge/BqRWKEENkY9eRUCcnJ/d4OCGWlzlzjJ4rRJX3KVmQXoJuIRnB9M1twLmDBPzD37Vz13lrqPccDsp7mtq2dyowAFPbHStnFvYm9mXIXBY8c46ipgX4zx9Kjityzgp+Q716P4T+APjXxZHbzQaNPDb3TbYJLjEImOCfkDYLAAHJHAxyRVwpSlsQ58q1PP5Ji0bgHdhe9V9F3iA7QeWPfrXvPir9nKDweEs9R1+C71LrPBYx/u7cY6NKx5b228flXV/CT9nrRL3SpdTvbW4GjWoaSS9vEaKJlHJKkhdw4PK5HvXtxyefsViJSSi+/X0R8/LO6CrOhFOUlvbp8z50trW5u32JFvc9EUZNbsHw61zU4fLaD7MJOA85C498da+nrOTwbqUy2ljNDomj4/dXttbLHFIe/mH72fdm/Gu30f9nbRtcgW4t/FrSxt0l09ImOPQM+/H5V30cPl2HipYqTb7JM4cVjcyrvlwlJJfzN/ofM/hz9n2bUIFWT7TfFR8y2sWP1P+Fb9z8GJvCr2kkPhMwRuRuu7rY5X1+UsSD9AOa96+KHizS/hnbQeGJtOV9IuIgr6jNIsmT0IlXA25Pfp7CvM9S0/TdGguLjSXFvbTRiVo45CyKADgqvQdT0r38urQqTXsKSjHzV39/Q+UzijiKVFzxVdyfZWSPjr9ofUY9S8bTW0R+SwXyNoTC5HXH4183eJ7Np9ZgXbuTNeweMr6W+8TalNNje8z5YcAnJrJsPB0+tx3N5BH5v2HZJIoGTsLBc/gSPzrmzvSEn1PT4baXJA+2f2fvs6fCrSbBSAsVuq4I56VD400PZveI8HtXM/A3WZLPTEtnOEA4B6CvSvEDR31sSuCe/evzlTvqfq7jZWPAdS1D+zLpmh3RyqckVDe/GOaHYkpZQgwc9PrWt470n53lVcN0JArynVwiRssyE9R04rd1U0ZcklqiDxf4sbU3cpPvDc5LcV50L+Vp2Pm5XPc4FaN/Z27TZSTaD17Csi40NTOcSuBjjBpJRb1Fz1Fq2Oub1UjMruY27Dd1rFutYKkszCRWGAO9XJdHht8+czS5HALZrHvbVUkIjj8vtubtTmo9EU5VJamLdTSvcEuQA38OaprZrGzO+WXGT2rWk0pnc5AJPr1qC+QW1qUCngYzXDOTvbYuNOyvNHB3yCfWgykYTtXf6Zeva6aiodq8Yx1rhYrbzdQkc924U119us0dsqnDAjtxX1GWQXs7yPjszknOyOw0Dx3qGhsfJlcbiON3Feg6H8Y5/O2X8IePGN6Ebq8WhlKYDcAd8VqabPareQtMnmxhwXRiQGHpntXpV8LRqq04Hm0MRWotOErH0rovi7T9YCmyuFcnqjcMK2BOxyzAkD0rz7w78OdO8SwQ3Xh2x1yCKZiyz74WjXBwRu3ggg9iAcV1N5onjDwfEn2nQb3WrFePOgCtKB6nYWz+Ir5OtltNy/cy17M+noZlW3rLTujV+17WJTLAnHBGRUrXQ3DcefU1m2E6alYpNEs0O/OYJ4mR1P4jFSM4hO11OccE15FajKhpKB7FKtGquaEky79q2fc4z3FLJeLKoxwR6+tZRZ3fqFUdAaVpJG2x7mUdua4lCNzpvpoab3m8cdfU96ck55DAMfUnFZTu0TKTwe5YEYqWKbcQW+bnjHc1t8OyM4uS1LVxOytn73OOO1RPKJImYHawP3agklKynKNu6jFQyzcuQSGPWsG9Pc0MJxvc5CH5oye47ntUwlMZJ5Jx2rPjk8mNvm3M3QU6K4EjcOMjgjOcV63N5HJzdLGnDIkgGQQw9R3qQu25QOp9BVMShXxvyPUjpXq3wu8D2eoWw1TVAJ4mYiGIA/Ow6lsdB2/OvUwGBqY6sqdM87Mczo5fRdas9vxOI8P+Bdc8XamsWlaVd6pKpGVtIHk2fXb0/Gux1r4f/8ACEyJb+JJ/s+otymmWWLi5Y+6qcL+J4r2Q/EnUvCenxadozR6ZFCzFUt4wiozDBbjkkg4z1rki8ckjXkmTfOMSvOcsVz69cfjX6HheHqNN81fX7z80x3GVSrG2Fjb1D4V6ZqlvcJqcVja6IsOWgZwLi6ByMElxsQ/QHHY1mfEz9p3xVoPimS1e/uZZVXZ5pncSAcHAKkYB4JA4Ndrpmq7o2VYwkRXGFHGPxNfMfx0dB4+TY+5TGvPbOT0Ne99Xw8E1CmlbyPlKGa4zEVrVZtnv3wu/ae1i2vPMi0HSXZV/wCPu6ieaQtntluK774ofH3V9c+HmqT6xdqkXlFfItk8tATwO+See5NfLHha9i0zTY5HJkfOAgPNSfGDXLi+stP0ZD5WB5s0XozAYBPqOaccJh2/bSgnJdWXVzDFVJfV+blg91tcv/Bz4v8AiXSNbWPSpTNDK+54phvUjvkHPFe3eO/2mH0G2Wz0u20/TdQmQC6udOiEEr+28cgfj+FfM2n6zp3gLw++z5r+RcbupB/wrze41y41m+lnLF2Y4BFYvD4eUuecU2elDFYicPZwm1Bf1uey+HfjPq994xkxbHU7e9kxNbTZIkJ4/PnrX03qczP4YuI0gWG2W32xxxIRgKvCjHAAwK+bPAn2WyuNOuLXTYAHt41klA/eCQDDnqcZIznHevYfij8WNO+Hfw+Oq3scn2eWRbWOKPBd3IJAA47KxJ9q61CFP37WPDxmJq4qpHDw17ebPmbxJbiHU7hDGQFcjDDlRXuP7GfgiDxl4p8S2E0fnJJpTKVx/CZEB/pXzhbfGHQfE+tZuQ1lG743TDIA9yK/ST9gTwNpEPg7X/Flo8Vz/alwtjHOg+UxQg5wf9+Rwf8Ad9q+UzXEUfYSadz7/JYYyFaEJw5bHzVpEV14O8Uajod2skM9hcyWxEny7wrEBgO4IAI+ten2+otPZgbsg9xXrPxZ/Z6t/iT4q1HWdDlSDVLSIIInPySAEkD2JJPNeRw6Ff6Dcvp2oWzWl2n3opBhh7/T3r84rUmnzRP1mliVVVpfEcx4mskuYCdpP+0RXj3ijSWw4CfKDjJr6D1LTy8ZxzxXnviDw2zrIBXG01qenTcZK0j521HTg08ieUNnseaoTWSoBiPaMYOa9O1nwtMpJRMFc8YHNcvc6PPEMPETznkUlWs9TOdNnDS6eBISp59MVTubTeBuXcw53V2FzbAZDKQ3TgVj31j5qEEmMgdqUppvUiCsczPbIkeejZycDpWPd6bJqlxHa26DzpW2oue5rqrm0doXG3AA+U966b4KfC7xB4r8fabewWEraZbykTXLDCKdpx169ulXToVKr9zYwxFaFONm9zxnxt4Ll8GeIxYyhv8AUxygv1bI5P0zkfhSxsWgTB7V9a/tXfA0nwvF4oso5JL7TcJdjBw1vzlseqk5z6E+lfJUaGFPMAyegz0r7DAx9yyR8HjE1PVbkLyMPlU5GeRmk3HeMZJ7+1I3yEYwMcn61JE4TJJDN6V660WiPMvpoexfA34lanoDz6Hb3lna297hhPqDMI4WUHkY9en4CvU4Pj1pXgi4FrL4s1HXb+Rh5k8McclsntsOOO3ykHjrXykusQaYxZpMYHJPSseTV4by7LwngnrXmTw1OpK7Wp6OHxleMLW0Pv8A1L46W0OlLdXuvaBaWsmPLmsg1zOw9PKONpx6k4rz7Vfjh4a1O5jieG7vkdubyWOKJh7hEAJ/E18rLem4t1RsZHQZqzbzi3Krku3Xp0rSngaEVZkzzTELZI+r105r9RPa3un31kRuR7e7QOB/to5Ug/TNQ3ifZlHmOi84zvB59K+drPVvPXymcqCOc98dqku7t0VXWclx2z0rhqZHQnqm16FQz6tT3ime9rL5S4bcN3Y9qkWdC4VQVA9TXk3hDxpc6eRFdzG7tsYEbHJUexru9P8AEEGszC3tSzueRGRgnj9eM189i8rqYZ+6uZH02DzmjjFy/C+xtvdHeHPODxjmq15dLLudcrxgjHeq083ksA2VYcbSCKpTyDc23OSOoP8ASvAnazUtD0ptyV0f/9k=',1),
(2,15,NULL,NULL,NULL,NULL,NULL,NULL,1),
(3,16,NULL,NULL,NULL,NULL,NULL,NULL,1),
(4,17,NULL,NULL,NULL,NULL,NULL,NULL,1),
(5,18,'Cristian','Perez','Juarez',NULL,NULL,'data:image/jpeg;base64,/9j/4AAQSkZJRgABAQAAAQABAAD/2wBDAAMCAgMCAgMDAwMEAwMEBQgFBQQEBQoHBwYIDAoMDAsKCwsNDhIQDQ4RDgsLEBYQERMUFRUVDA8XGBYUGBIUFRT/2wBDAQMEBAUEBQkFBQkUDQsNFBQUFBQUFBQUFBQUFBQUFBQUFBQUFBQUFBQUFBQUFBQUFBQUFBQUFBQUFBQUFBQUFBT/wAARCADwAUADASIAAhEBAxEB/8QAHwAAAQUBAQEBAQEAAAAAAAAAAAECAwQFBgcICQoL/8QAtRAAAgEDAwIEAwUFBAQAAAF9AQIDAAQRBRIhMUEGE1FhByJxFDKBkaEII0KxwRVS0fAkM2JyggkKFhcYGRolJicoKSo0NTY3ODk6Q0RFRkdISUpTVFVWV1hZWmNkZWZnaGlqc3R1dnd4eXqDhIWGh4iJipKTlJWWl5iZmqKjpKWmp6ipqrKztLW2t7i5usLDxMXGx8jJytLT1NXW19jZ2uHi4+Tl5ufo6erx8vP09fb3+Pn6/8QAHwEAAwEBAQEBAQEBAQAAAAAAAAECAwQFBgcICQoL/8QAtREAAgECBAQDBAcFBAQAAQJ3AAECAxEEBSExBhJBUQdhcRMiMoEIFEKRobHBCSMzUvAVYnLRChYkNOEl8RcYGRomJygpKjU2Nzg5OkNERUZHSElKU1RVVldYWVpjZGVmZ2hpanN0dXZ3eHl6goOEhYaHiImKkpOUlZaXmJmaoqOkpaanqKmqsrO0tba3uLm6wsPExcbHyMnK0tPU1dbX2Nna4uPk5ebn6Onq8vP09fb3+Pn6/9oADAMBAAIRAxEAPwD8vhM+3/a6AVIJZH3KEGSOhPSmoVGc5b3FWEiXysEgD1rhbSPRc2tyIpJtAPBHbOaXc6AjGc1ZS2SOElXLk9aFtpCR0Knkt2H1qOZD5pPcghLdd4HrUqvLtwCpHQjuRUgtjGMqc45G2lIkikBxtVu+Klu+qB3Igu2POAjZ6nmg7jgs6+3FWntRjjLNT9mxFQr8vqR0qeZdBuTS2KjAyJuwwXpx0pQrsuxcrx1PepxbM/If5CegHSpWtySPmwKTkiUkncqtA5ChiA3pUpg2pgDc2etXdoCKCefU1ELYu6kNwPahXkXzX2IZEL7VJII67RSXCtCvJOwjGBVx4Qp65PrSeV5mehI9Kai1uRdMz44WMoZh+RqygaQt6A96kS2+bczFmHpTkt8ltzE98Y6VajzdTOTdyYYjtbhs7Ts656VmaHGS8mGDAnJ9q1JYwNPmRiHBXmsjQYlikcKcsT0zWnK2uW5ytrnuzWuIm3hxj0NQlSzdOB1q80TMQCd1RNCUOFwSDWChKDszr9pfoEMapj39KcxG7pknjJpz5ZRlxuHbHSkONw3ZxjrTs3uK9tRvlHIIIPtUMx8rp1PSrHkjG8kgdMYpr5xwB7bhUzpKL3Gve1KqnqS2SaHYbcH9Kc0ZIzwDntQY8ZZnATH4imqem4LcrFGUlsgIe4FTRxkYfPB7d6UiNWU5JB9KUEtjkAfrWns5NWK50tGNcFm6YX1pzy7FyAeOppwwkn3sCnM0b9yKLq2nTsJyv0IN58sEEbm6UpZo+pyTzyad5ZdwAOQeGPamyRBphvYlx6HisnF7kavdDSx8zruXv6VXnmVZemGzg49KsTI3BGF9sUhtlkC7h8yn+HoauCTBOw1iBGAGKA9CRzS7TGu1m346HPNSSIGbG35R2PrTZk24O4hfqBSu1sJ+ZXnUrtJPB9amsZAnIByDxTZEVgHbGR05qxar8yknJ/2qIJydiW7IpeMi76ozef8AaSY0yxYk/dHH4dPwrP04sMKvB6+1WPEDifUJipQAf3RiorabyIVCsu7GRmuibdrHJF+9dspHT5ohzu/CnrYXITO5wOorp4oogm3Bdh61PBCjgjaTz3Nc7ry7HYqL2bOOa3ujn5mPrUsdrd+UcNIDnseK6w2EcTt8mc89akWFVGDgL7dKtVuZbC9jNdTkhY3akMZHHoQOKik+02+4+cee1drkBcDB9qguNNgeFnAwccnFaQlz+ZnKEorRnIJcz4x5p9cGpxJdzIBkkdx60yaPyJCobd3DVveHoRPAXkX5gdoFXy67GMJSm7NmVH9rhygG1T3NTBrtE5wSfXmupFtHsdTHz2J706PTEmUEqBj8M0ckXub+zml8RyUl5dIgGVY+pHSmtqF0+0lckdgMV1q6Xbo7l04HrTBbQByPKDAdOKOVJCjCoupyf2+5dwRgKOxpGu7oynACj0BrqpLCDgiJOOQcVD5UfmcQbvektVoNxl1ZgnUblkUlQuP1qSK9uinzIGGfxNbLWsVwnzRquOmBTotOjjYlkL8dKpR8yGpmMNTnVHUopVhjPpVe2t7gbpFlCg9MCun/ALNhwFMQAPJzUp0+CJSFQEU+VLdk8k92c7E84jbE29+nXpTmlufLw0oye/Q1uy6bFPHtChcelU/7NRWCn5hQ9Va5PLN7GYl/cQcPy3ZjT5dSu94wofjOcVrtaQyKBtHHemm3i3YBPFCppLQ05ai2M1Li7dWIAH+9TBPcTFlYBT2cVt5j2YVBj1xUaSbGGyJCvuKahC2omqj6mH9puoyyYAHuKakl5tZsrk99tdFK6TSeZ5AA24I6/jSGRWQqsagehFFqbIjGqtWzlf8ASmlV2YYPtnJp0r3ccv3uK6NmRjt8tQAfSm3CqqEsqgkcGnyrZMJc+5zPm3EykeZU6vc+SCGJPQjFSzwxopw2HzwK1LRUMEbN0xzUShy9NCablLdmWhvzGAi7D6d6iW31BSSzY9RXQSOdgCjdz+lNaR3QZAC/SpjZX0sjdxkupgs172k3YH93io/OvmYbWVCewFb5CnnA6cjpTCFH3VAP160o8r1iJJrW5ls95H8vXjPTNQSPMSd5Bz/Ca3UkKDLYx1x6VXZVndSVBA54oceRafkS/aPW5lNNOIQduFBzkU5Lu4nfj5VAyMDmtkr8jAKPpiondZF/1QGO44NRCz3VgfMznLuzdQzkNljkk1Eh8tANhY46g11TFGUKy4J6A1UnsYUGWJBHTNbOSS1JUWle5LbS7iTuP41oQTFlwwKegNZojZQDnK9s9atwMzDGMmvLaW56d9NC3vI9Mjv61GFYKSQxXr1qVIysfBJJ/SiLcM7x255pw93Zjtp7wkacgqCR2FXJoibY5T5SOlMgjVwBnDE4HbFWHkb7E4bJTrj1rsp2i9WYSXu3Rw88HmMRu2hc9OTW74ahZLJimWGe/FZLg5cgkBsmt/wwryW2AOM4xiumTjNe6clJ3ka0cTuFdlyew7VPtYIRgD2609Qc4ZhuHG0GoizsDgZwe9czUos7LxIZQPvdWHrTN29OSB+HWrTopjD7frTQisoJHHX0rXpqDly7IrMuAAo3c9Ka1qSCCMH09KuKmGygP5VGzbmIwRjrxxQmulxc3cqR2+0MFbYR+OakcAAZyWHenCHe/Un6niplh+UBVJNacltYk8yKrRuxBHHrzTvKcIc1M1owKt8wokwjjdgD0NK7JTsV/KMYODuzVeR2XjHQdq0Su3lT9aheIychQCar4hOXYq7CYwd2W9hwKRgSQSePUCplhbJ3cAUyWLccLyadmxOfzIT8obaTzTFyi88nvilaN0JYkGoT8rEuTj61lNSWzKTHoWOSOpoYuBkjcvtRt8zHyN7Yp2DH8pB+tZp2WqG9NxoOFwpPJzTbxSIXIOG9TTlbLsAufTApZoTJEAgO48YxnNWknpdkSvy2OeaIOhG47s/nWxG2II1AyAO9Zjr9nfaYzuz1HSthVzChPbsKud4uyOekkKMMg659M0DJRhjAzTRIvmYAOPrU7EHkDgdTXJLmbOxWRFCgKknBA7Uu2MqQG5HIFJjIwo25PQUh+VjuU1Mu7VhbbIjmOEBAzntTPLIT5UJLdqV2IxyBn0qNCWkXBI9ef6VcakdhABIV2/dPUkU5YtsbALgnsKZJ5kbbR8xBzz3oa4ZUQiMkk8jPSm236Eyt1C58yJAZEJHY02WUy424UEZIIqaaMyKCCx74PQVnzSSMkhAJx0IpaPRGdtS+qAgHOT0qzCoj3HaDjrWVFqduxUBlA6cmr41KCM581R+PFcjjK+qO28W/dLwTzTlWwPTNTRxMCBwc+prOXUYXAZZAPxq0L+BAoMocnnOa0hBrUrm5S7tGzBUAD0qaWFpLcqvGRzWabyKVCysM56dTVmy1MKrRy5SMfxeldcOVmVSpG2xy10rqZFCAhDjI610/hhd1jvVtuDjaRg1zlw5WadomG0nIbFdP4O829T7JG6vKfmA6V06LRfkefTl71rlqWSVpQAQCT1Aq5EjCMnjPvSpC63LxCMbw2MDkZrphbx2ESR6hED8v/LI8j6iqjq7dTrtbU5iSNxEPk2qar+VhtpJ246GtN2iaUruIQ9iOlVp40RdsbHHriq5He1huSexEVf5RnC+vpTJYyj4LbgRk81KIzGwZpFK45ycfpUbor4YscUNOOjYWuR+Qu3IbHsKlWJpF3DlV9D1p4hVm5OEA/OnmSKNME5HpRdLQm3KRO6RYZj1P3RUdwY7ggnAA7VM32bYz8hvc5zUcbxPHtAAz2cVpvoT1AqijCnPHGeajSBnPzrhPapk8gsGHAXsKfJeQnAXhu+aXLHa4SbfQpT26pnHJHYVEYDuDZ9verqzpIRyAO9NmkiDAKQM89aOV7Bd9ChPZFc7SGA5+lReSjYBwKttOiFjuxmq4SOQbt2F7etYNWdilfoBjEa/KKhZwBkDr1BqYOE+UNmonIMeGU7vbvUuSegNldi4GQQOeBmpDcvFHujZo3/vKcGo8bZMEcD1FNvNq2+AcMexqYaPUiavEoSYeSNlkLZPzDHStSRFCALwTWEWMMv3wFY9K1VuoWiH70H3rWXKZ0r21HvbsVGQMj0NWUG2PaeTj7tVVuUOdsob2J5qZJ4uC0yr9TWG51JoUwsv3m5PpVcgbiGY5PQA8VYeWHqHDHtzUEki5JJUjPbtWco6XHJ9mMlh+f0GKjMPTBOR3FK06sxAfGO9RtfxwMjSHIPXFT7q2J2VxzrIxw4B9CacgGM4AXHXvmrryabe2Uc1tcbpOjxMCCKqyFQeGwMdAauXLB7kppkUsjEgIeO+BnNVpx5mUC7SB3HBqWKZJFYb8MvqOtNAPlnJU+hrKT5Xcuz6HLrAq8kN7VL5Hmkr8wx1BFdIthGMfuwB6gVOLONQD5K59av26epjKjJanKiEchYzhe4pYoBLJySCeOetdkthE5J2ofTatOj01WONoBHNVGpfdAqLa3OVj0twRy209welWotOLIQ0jEeorq009EG35RT4YVdvL8sZHXAqnOKGsM2tWcra6ebfeCzOGFT25m0yTMZZO+SOtdaunofmCkH36VJ/Z4lGWQBfU1qpxexKw8k7pnPLrGo27iSFzvYdcUHxBq7EhpHkdhwWGRXRpYLwBtOOMYq/HpavGuIxkdaFLoW6Ut7nAPqOqKzHfnPtUv9pX52l5G46AV28+iwFMiNV55akbR7dgE8sH9K0d9LGfJJvc4aW5vJmP75wF56VIt5qJ4DFl6hdtdrHpCQOSIwmeCCM8VoQ6Uk5/cxgEccinFrm0Q/ZSWtzzqW51KSPJlYe2MUkM19LGwkkcnHpXqB0SKIHcIyPTHNTW+hRSADykUHnbjmtHRk90ZuL3bPJhbXm0fvG2d800/aVYYlJHrmvUrrTo7eGXbGoAB5YV5vfEByFADZodNQXvIwcnfRliKGVEYrMWJ6Z9aihjvJpCruNx49q6LwtpQ1azLFsSqcEY7VtLoSQSYEYLgdxW8KUpR5nHQUZXdr6nGPpt1CV8yRlU+lVns5vO+SViPevRPsMcihrkDzAMAg9PwqGbS7c5Oxcn+6Kn2a3RtyyPP5LOdiqCZ2xyfeolguFyolY9sGu+htLSMMXxv7DFV3sbfbuVQS3bFZVI8vQFCUjkre0kU4eQuSPunNNeyusfK2CPU9K6uSOIRf6obh1IFV3C5BIAUdsVnFJrYajO9mzmjBcKCdzFveozDLINso3Y6MK6t7iNEVRbI5PfFJb2kbIS8QUHnI600oU1oi/ZVJHMW3h6S+YsOQoydxxT30FIoWeSMqAegNdbCbW3XEO5cjkk1FL5Mqsjc5PGabnTWyMvZTvY4tdPhZ2KA7AeTQdOUS4C5TsT3rpXWGPcjRLzx8oxUipHHGB5W79ax9pSTstzR0JpanJTaUs6BVJXHaq0ukGNlwzFjwSK7R4Fd9qgDHO01HPApIXYqnvkVMpRb0ZMaUzkW0tSF+dgR+RpRo4ddwBLdq6+RFYYWNCw44Wq0vmoFAUA+gFJNPdGroTWxysmkvDggMpbtTm0uRh1cN0yegrpVu7ooqbAB/ujNMkmcAngZP3SKtOlIiVOcUc5LpTpgNK27r35qo+nSBiG3kexrstT+a0EnyrxwAP8a4y+vZoPvKQCeCDUuDXwnPzyvY6qOU+gOOtSBzsOGyf1qnG446gCp45hC4GMA9Ca8e6T8z301a1yxE+Yz2x2NTwPiRSeF9KrNKwQ4C59RSpKZMEjGO9aKq38TIasaDOGdgT9KfZ43lSDz0IqGKQfKFOSR1NXLaUq+Cc+3pXSpX1QntqWUVZlIViuD0PpSGI4IDNx0OeKVZXbeEA2kYORTonIBUoOBgt1ro5rq1jN2T1RLGwjgUkfj3q6mZUxg88cdTVO1dTDh8EE43Y6VqWK7A52n2YCtIJNmcpdhRbKyxW5XAHLHvU7aSWmVQN6rzkdhVJC39peWnz8evX610lhNK8TLGoijiHzZPJ/xrrVO+jWhg5JbmDqWnTedGkETOMcuea17S1MMUcciqshHDKTzWmsBliEmcMeF96nFs9vCsihJXz93HIrthRi3dHN7ZJ2uVRpIkYYIOPvHpir9noiSqXVn+gq/DbkhpnIKMOmcVo6fbefEojcKmCSrd67YUb73OepXaW55/4rtRb2sytlCFJ614xcDzbvA4BPJNe6eNbaGG0mBRiqg9D0rxGFS1wflL/Nx2rixMVGVnuZRm5LQ7vwPFFHZOpbau75sHmuyg0hJ45GSJwhHc8sK4/whBcR2cw8vMCOWUn1wM/0r0bRGub+zginjUYXhieQa9GjFOmrmLm4yujFvtKWCKN0jbaPlbI5FUru3SXGMAgdAK2dVkh095on8yVTnC9SDWXBYiXT5p1lZwRhVwQQfeuecfe0OiFW+sjKnsoWKqjDeRnHp+VVjbIilcHPtV+0aJMGeJhJjG4DH51XLpIr4AHJAJOK8+pZM9GErrQzrmBWj5XJAqmkKMCWJZR61pSJv+XcASPvZrNmRYw5BJA6+lcE3ZXOmKu9SKW2jYgggN9asQSIiENn0ANV4zHIAeQvvUwdXXCjgd65ubm3N00nYVjGEOEC/SomVFHT5B1pksqtJweB6CiSQYQcg/Wi8SpK+qEkkhCqFTk9yOKSPyhIpyB2INRyOqgjGff0qJlWQgsSAOc1naLWrM27bmj5SmZPlIz3A6Uy6hRZACdw9zioluSSqiQnjGMU6YruAJ+YdKiaSNIyixrwqjZQY45zUbxKIhyN2fXtUol3Ag/m1VWlBJGCex4qHUkrRY5RTVwUrDPypdT2rMvvMaUsF2xjkGtZJWicZAIx1xWVfSkE4Jwe1bc7i9XqZSjZalC5nedNobZ7HpXL6kPLkYBw4rqGjEpXC89+a5nWSPtJU/KPQjmuvm1szy3Jc1jpwwkUBTgDqKchDzZ2nHTPWnWasqkFAV96slJFlGzaFI5xXj8qT1PY9CMqVcBMkZ71LGrK3PHsO9S/ZweRjp1z1puxkI3FeD600m9EibvqW0YpJl15xwBVk5yH+6TzVYyh5Bhccc4NaFtEksabmJ7AZrppOV7Ng7vVrQktmG0MzHP061atplkjlWJOT1FR7FiyokU46DNW7SHypCd4WQjla7lHW9jBu420idLcBwxQHPI4rQ0+WdrlVQZtm+8PSqcN85Ug7AqnBBOc1csniLtIX8tApO1eM10wS6LUzvoPs7cpfTtEB8shGXIGRXR3MqQWLPswMdU71j+Gp1uIZJSVXLlQW9K6SW5gewNsJs8YDqoyK9SjzOLbPOqzal5FPw5OuqWu9QG8sHgtjn0xWxpUEr3e3IuIm6ptxiqWh2kUCrhkyGydzY3VvPqNppaCQSIJGJJGcCuyjTio81Tc46taz939CWS0yfL4SMnrxVuOyijU+W/zAYPq1Y7eJbKOEPJIhfqEBosPiFo3nFJLuISN/ATgrXQp0290jlfM1dXDxtZxT+G7hhGqsI2O7PzZ9K+fdOtyt1ukjYJkkEivd/GXinTbrQruKF1Lsh2lSBk/nXjmnX0cqbCgKrndnrXn4mEOfmTuXS50jqPAkMmpRzok8gUTAle23vmvQ7hDDudZTEoG1Vj/AIvevJ9C12TRluVtQjxyMWZCTn9K7/w9480nVLEQ4ENwBhomHH4HvWtHEwtyt6hVoTa5rF+405JUjaR3kzklmwKzmM1tGLeEBoG6ttwfzrRkvobqFo5JIwEBwA3PsMVTW+giAjLKBjlc5JFdFlL3kZwjKNrmTqNnH9tdg2VA4B45xWKbcqE5BZjyBU/iLxPaQXATco5wO+Kqx30BjZgMkjIYV4larHm3PepL3Uxs4WFgNm/acEGse5t/KZssx9cVtPJFJErMyR8Zznk1QnAYNllIYetcVtHynUtdimS4jQBNqg9RSeYQSMYJ9afkI20vgHjnpTt8VtjfIrqehrkcbPVHRdIoNu8zcuMk96SSSWRyNhGBktirUrxScqy4HoahNxsOC42gZyaErrUVmVznBAkwfeh8bFxkkdWpqtFPIVDj1OKe0QRch8L71LgtmNPQSC7KMWZDjpjtTo5kmkwVIPbmmPKJQcOG28ZPpUcUyiQgMGz0b0rL2fLs7jTtuTOgEjJ95vrTCy7OchumTVthGiFlZWfHUHNVAiuQ28FvT0rON27PQtoYkhMgXJKnpVPVlAfYRnHOBxVuR1UBiwGPQVm3U6GTf5ig9ABgZqnGSluZSemhRuHJGYwN3ua53UjmXLEs9bs0hckbgncEjrXO3zt9q6j8BxXXHXqeXvK5cTxBeqMBwB3GM08+I7rGAuTSDTQQMhVJ9utWYtOO8FcjHcd6wbpb2Ote1voRxa5f43eUfrg0h16/kYHYgA6AirjWj7RiRmx2pG0tZBuLHeOpNCnS7AlWejK0OsagzbgwDewqzJr+rYVcgehUc0r6OyqDuY7v0qdNKLRgrvyvUk1rGS6EyjNFF9R1PlmY59jjFLDquqI4dZ5CP7op0tu4u/l4IHIJpLeSL7SVeUxLjOBT5bbGLlK9mPl1PVJQNrMPocUp1fV1TyzJJ06j/GrttALhSY1ck8AmtKPRJ5EwcAjtWitA0Sm1oYtpqWswQlUuHVT2JpW1LWgf+PyRgewbGK2l0N1HVgc/nUy+HmVhvBJPetNbdSfZy6s55LvWCwZbyZWXkYkIxUhm1qcgS3c5Q88yE/1rp18KTSDKZ9OTVlPCcsa/PIVPQDGc1UW3ojL2eu5xNxPqKHb9plYdPvcYqv8AY7tjuycnnduruR4XYTZK7wOdpyAakXwrJIrkWwhQn+9kD86tweyQ3B9zioftxco0rlPTdxWraxymHYWx710kPgxwy4YP6YrRh8KzQ43BVJ9qcINbIjltuzko7V7Vt4fP0NKglhnWVZTG396M4Ndfc+EbopgbVJPGRjNQy+FZIIcyyA4/hA6VtGi+2grJ7yOVku76KdnS4fnuG5qreTX+oTh3u5VwMZDHpXS3Phv+JZCFB54qg2kFNzGUYFTO0dGX7FW1MAaRcXDYExkx/GetW1tdSQCMXhwO2elX5rQiNQGKg85B61UlSSABt2T6964pyiteU2VN20Yj2V7JxcXckjgYUFicCg6ffHCQ3EmR1JJppu5Y2zvO71Bp6aiwckMxYjHXFTCtTtexfsZvqD6bqgAeS4YAcAsMU19IvmVDJKWbORirBunlj3Mx3Dkc1PFqkn2iF25YcYNawlCexM6dSK0Zj3lleW8gCXLAd1JqzHo99cQKTcAKx6knFWvEt5DPKrQjAOAcnkUxH3KFSZtuM80TdOMrNGdJTktWIfDNyP3vnHC9So4FQtZXu8A3JKnpk1Y+1TJG0KzvsPXmlijV1AaRgPWud1abex0KnO2sig1hcrlPOINBjnjfAG7IxnFaGwqxyWYDvQLeR84fjtSVWEXblJVCb15jJnjuGkCrI0fHRT1qqIb4sQlw6mt9YgjDcT7GpGgDHcrDcBjkdafPBvVF+yn/ADHMeRdozDzXf1yeKE01vvu+SewrovsbZLORUUlnvcgMcHtWPPBu0dyHQl1Zi3Fs7kKQRjvnis2/087gVJOB94V0h01hLlpSyntjpQ2kJL96ZgffvT9r3epH1aS1uVvKUKAFPHfFSpCynAJx6GoUPOQ3WnruG4YGMevWuL0PTSJwN+AQMZ7cVYitRzjJ9xUEOCoJGCO2c1bgmDbthGB6UovWw9hLhPJTaw/4F1ql9rSAHBOT261pySbkywyMViyQlJt+cDr14rvpRs97HLWdthbl0RtxO53GdvQ1nSoDLuEYPY5q7tE8pLOA2OCKYYy0L/Ngg9egFdMopxvc4rvmsa+k/JGDnOO3auis2AcOmFOOQa52xBMK7SMY5960YZXAxgn0OaVJtbHY1obbAyFWyDjnmpY9SL5jwD3BxWZb3fOwE9OQameWNcFW59K6+dXuRyxe5uRedEFkQgAjk1HPds8m4ttOevaqEF7iNTuIB6g9qeLk3LBFyZc9DWnP1Rgk09EWvtc5IGAw9cVaikl+7IQEPI/wrNGVO1mJP14FTx3vlxEbA3+9VqUt2TPyRtWa7pFaMYY9c9KvyXkVqpDR+a3scc1za37bD+8WMY+9mlfViVH78FcenWiFTV6GDSfxI1rnUx5W/wAsqc4Gayb3UT5bOv4+tZc2qorMd7MwPc1k6p4gfawBCr7USrWWqNqcbl671jzflLkKOik1iXerJuI6+5Nc9fa6EZnPGeAM1hXmtSXHyr8o/WvPnOVT4Dq5UtTpr7XfLQnfkD8KzZfEsbDBLfhXNtIX6sT9abml7NtWkxufY25fEGfuhifemReIGU/NHvH1rH5NJQqMF0FzyNxfE7qxPlfrV608SLI6+YoU9iTXK4IpVJ9atQS2IbbOj1rWoriZBH1z8zCtKzucwo6klTx1ri85NXrbVZLdNpG4AcVlVg5rQuE+U7iCWNl2k8Gpd652j7p6VxllrczTjeMp3wK6O3vUl4HHHXPNczg4bm6nzbGoZztAYYx6DrRHKu/IG0Dr71TS5DZGCCKfGVkUkAnJrOTT1ehtFNvRl0yJLJjOPrSSyLbox2gqO5rJvLxbRWZ+G7AHrVS3vzfzhpnJCdExxUK79CW0tDTSd5huRSQenpUltdliWC4welN87CfKOCOMCqltMyySowGM5HNZcqveJKfK9zTebcd2MN9KrT748knOemKzptQupJNsMZ2g4JzkGnvLclGzhG7A8gVco6XZTl1GQuqqykbsdzUkUe8EkgAehqKMCddxBAJ/OpYrcQ5ZCOfSouluh76liLCqSCD7Gp45PLbKqDu7ZqsTsG7PPTkVNHho+dwPqORVRk07kS13JmLKpB4I9ayrzzWLDGR1HFa6REAhj+J71VukKk7g23sa6oylukYyTaMiZhDIm9icjgDgVaRlWBhtOG6iq165WaMFQy44Bp24ZRy/yjqOmK6ue8dTktaaSN62kEEKIARkZHFW0aVOgGDzzVKyuPOiXaylR75q9HIpTK53Htiopvsd7btqx/A+Z+B6r1qSJ0z0LD0NQtIpPlnGfSnrFjgE5HpXVz22Rz2TLCyJvO0Y9s1NE+yTIP5iq0WNxZuo68jipVZWk4bBPvSU5N66BZW3LWPMyxPPpmnwujfeYZxnrUTxIFw88UZx0Z6r3kPlwqyyRlT02sDWycl0uZPlejJrh4ypI4f+72qt9oHk84QDiqb3ClsNNGzj0OcVSnu4xvJmRceprPn7IqKS6klzfxJkLk46lq5nV9bC70U5HbB5pNW1VQjkMj9hg1zMsplbJrBXk9S9EEsplYkkk0zNGKK2IDNFFAGaACilKkUqxs/Cgt9BmgBopSaeYZP7p/KkCNz8ppXQroYOTTqCD9KQgg0DHJI0Z+UkfStjStSLyCOQAE8BgOaxenWpYZmhcMvaonFSWoXsdzGBgYOfrVm22hW9c8ZrAstVBhG5xHntVsatGjDdKqj2PWvNlGztGJ2RlGxLrNuspRmUMwONo71Pa2ojjQKMfhVddRtpclpMkcg4NTjUoQM+ZuA9Klyk1ytDcqb1uWAqwknjH86TyEmcPsHsSKqG+WVAxbYPQVPHfgRkBwV9ehpxcloF4tasfIRnbtxj0quZE2lSDj1NSS3SeZtDrk9gaa7o3ybtn4VM43ZHup3uc7aa3JAoDpuHrnpVxPEDLkiDgc59aiXTsRksykE9jTXCxJszux2A4rdqEnojk9rWXQdd+IpZWB+zADtSR+JrhckxKPYUkKLKpDo2T04qPyowzZLDb1Jq1yrZDvVY6XxNeO4Awo9KbceILzcFB6DGMZqdLZJkwpJA9qnt9LjCnfkH3qeenHoW1UM6G8uLokzYGBwTxTWuS+EP3M9a15NMD8eZ83bHFINGIXbuDMOc1o5R+yZyhUfT8TLNxMpAiLIvcCpxLdhcrckZ64bGKviyCR4Jzz6daWGzypDIBnmo9prZIXJUW7MuR7iMr/pLSE/7RJqyl1dkY+0TDd0AY1ZexQniMAjpzwalHlZVdzADjpxXR7Sy94lwkUXedMKZXb6Gm3UDlkcSsOOpY1pf2eh+ZWOO+O9XEtI3CjaAR3q4zjLUzVGa6nP7JHUHziPqaT94WIaVynrXQT6bEAMjJ9TUDwRRIFC4GelDqJaNCdGT6mBKhiJIY4PeqN05wfmye5zXSXVuJE+WMBR2Nc5qJ8mYouB6gU1JN2iWoNMosaQDNGc0dK0NgpVBY4HU0la+gWH2m6ViMgVLdlcBLPQZpSGkG1a6LTvDcajf5YPpnmtqG3VRgLyOmRV202RHfI2D6dqxu5dSuW5Qg8Ki5XcYQdvfFaUHhK3i+/Egz0NWba9klk2qdqdM9K6GwSGIIWIlb1Jqo2QuVbGbZ/D63vEBRRn1Iq4PhJbTZCoA+evArs9OlEO1Y1JyemMV1tjEtxbYdvm6gHjFbwpwlqzOzvqePTfBy3jj3Oyl+w28VwniD4WXdszyRLle2BX17pejwypvdcqOgHOfypureH7G/WTfEFbGMjg/lXV7NSWxnUuvhPgi/wBLudOkKTRFcH72OKrGMFQQ34V9VfEP4a21zo07rGCyg8gcmvmfXtDfRp8HmM9PauWUHHccW2itbxBwsbAnJwDjmtA6aUkCsmMj73Wq+iuss21s5HIxXQq4JfecnsAK5Z1OV2ZpGlKe7KS6eQo+8AfapotLAxklqupKJEPYjoCMUvmD5fm49KzVWD6F/V7FdLT7OGTGSelU2gME5DAsPT0rVRg77cMfcmh4vK3uQHAHTqRXR7RdTOrSnb3WZRFranzGzv7VTN3LNNuXLL79qg1N5Zix2kRk96k0WYxxSAjI9fSplJ2ve5zxpXWrHElMYYMvqe1SxXCsScbzVe0l3RszY44w1COFkbJHPcdK5nHdM95Ri1qXmyQCcr2AzUe9UGSpZvQ0n2ny4sFQT6tTI5Vlz0b1Ws0mTqi2hym7djjsKnWTOAzAe9UEmCAqMkHopqUziWLYvyuOvFZuJPU0TMmDuPB6cUsU6cgA59c1RhLld0jK20cYFL5yxkHB57kUK6G7LRMvsyuhB6+tGWCYOWH1qj57OQyjOR2p6zSbT3b0NVey7GbRaaUdhuI7USICBhVA7iq0c7sTuXP0qZZNpBLYb0NRK+zJbsTAtGcLwKeJmGfm+cVUe5JwfvEUnmbeSMsa2hOysQ7PYtyyuygNuf3qm8ruwO1lwcAkZpz3UiKSOV9M1BLdh1KgFCfStOaKd9zJ9iG9mMJ4cFu+TXN3Enmysc5561qXLBHbLZNZEpDMSOldFNa3sJqw38KKM+1FbiFAroPCsLST9flFc8OTXZeGLVobZXkBUHoazqPQaOnRHMQ55p0MW6TLgt71ALgI2Afxps2u29ipzICw9ccVgtehq2btraGdgvCj0A611GlaNuKnYWC+vauEs/iBZwbScOx6muj0z4m6azqJHWPB4O7rW9Pl+0YyqJHpNtZLDApYsB3JFa0FlGyKsTn5u5POaw9E8c6RqcSLHMHPcAgiug0y8trqbYhKt0XFd1OLS90x57aXOj0Cxms4sSSs2T64ArbSUEOky71PT1rmLe8nt7jySCYx/EAcitG21vbLtbBHT3rpjdPUH7506+H7LVrIqwCgrjBFfLvxz+E50lLua3UsifOMDgV9U6fIstvGY3MZPUYzXIeO9JV7e5iugXglQryCeSMc1tVpqcdDKDtLU+BdJk8q7yVzgdK3XJPzq3l5/Gn+JdD/AOEd8X31oDmFXLK2Ox5FVTJ8/APl+oFfMVk+Y9KnaxZkkBIbJLY4xTIrh9wJPTrkVFGryZyGx2I4qRRlDucjHNc97aGyuShmc8qwJP3h2q5ECIGz0HU5qqjNJGNowf1qc29wLdmyc5zgHrVRUm7tXMZ2troYWouXdsgbT6DFLpqIiSZBw3X1ovWdCQV+bPTvTrOF3iLlju/lW8nePY4qfvS0ZBHGdm1gBk5FO2LkZbHPK9KFcsfnXC9gBTSIwXPVe3HIpas9XmuSyNtIX5SOw6kUCNZOBgjqSOKhMmCCCTgdadC6k7QfmP60raDlEc7pGANxx19xU0M6sWBJVT/FimThV6lDj0pqSKD8rBs+lTa6CPKTrO6nsR0BPel3OJgGZdvYkcVB5kIBDknPQU9ZdmCBkepFLl8gduxb3jy8bvoQMVH5wLBGYgnqaiDqwO09ORmkEwbJYc9OlSkRYthZB92Xj3FSPgAHcCO5A5qml1+8xu49KfJcoDncB296VnsGiJ5AxOF6Y6iojK+8LnAHGcUqXEQQfvFLY+9mgXKPnlAh5OaFdaWIbXQesuRtDbsdeKrzyq5IQgN61OphmAYyBVHYd6q3DwgnYQPeiO+xi7dTOvxuCgnJHpVFlwavvMo3DzBx0GOtZ7EknPfmvQp3sTK3RiUUUYNakmt4f0wX1zucZROcetdvhYYMAAKB0rO8LWXlWMfABbkmte6tGwMMDkda5p3b2Ltpc5nUtXniYpCPbJHSqVt4b1PWTvWM4Pc13Wm+HomcSXAVu/zCuusr+x0mIBAu8Dp6VrSpxj8WhhN1L+6eZWPwsv7hSZJfLAHIAyail+HU9vJteXPvivYoNUivgMkIScjAxVHVYMFWCkA9TXU4r7KM1zP4nY4rw94cutFmWSKUlCRkCvXvCMskN1G8pBXqwya42KbyVXKgj1rd0jVVglQEMq5Bx6itIOztKJEo9nc9ct547iJ2jJ2nv0qB5o7K2klnBCAFst3NZdpqCtAWiOAQMkisHxFrjJYvbh97Pn5R0FbScY6ouKk1qWR8d7TRJmTAKrxtPU10sPxp0XxDYhZXRCR0PGf6V8veKfDMl67uJcOTkKK5N4tY0ZslHaJe4HFY/WZxVugpQT23PR/jRbW665HdwOvkz9CCDkjrXn8TlmILYx0wOKS+1ibVtPiExy0Z4JqrLdCIbgm8n8BXlVv3j0OmlJR0bNJ1JQHOMenenxQKyq2wEN+OKZFqcItwX4HXGM0JraAKFjbb2IWuTkn2Olzitbl2KFGjIOM54xxUqROJBG7Dae5NZ0mqqjl2DhfXGKim1gXZwiOPc9q7KfMtkc1Somtx/ia3MMy8r0xuArPtEzBvVwT0IIq3qAkks02tuYf3uTVTT8xI4kyCP4sUqqfQxoyjcoLfuwH7tePTvQ95KECmNcHtT7ewLybV/wD11JLpjQOQyMT6jmneCZt7Sa0K8cUjoxJA74NRx785B5H6VdOnSlf4ol9Gqa20tAB8zH1OOtHPFbsa9pLW5mDzJc5bpTRGSNwPTvW+2nxlfv7c9c06LR7VkKknnuKj20b2QnGfU59IXkOQxPvmkeWWM7d5wO2a2ZbSCwYgOQo7+tVGEEzsEUN7k1op3fkZXkmZvmOv8bD6GgAsepPvWvc2v+jgkDd6rUltpZmtwxAXjkdaXtYpXOhRbVzEMb9eo+tOSNm7kGtdrBUQAHJ9SKPsKrgEcih1UQ1JmQI2B5z9BSnA4ViPrWx/Zsco5yCPTuKjkt44FIAyv60vapj5JdShHIfljZ/lFLc3IKgA5A7VcXytgO3GeMkciq01vCG4I2/kaakm9hKnfcpRo00iogyzHAA712Nn4RghgQ3GZHfrjt7VneE7MPfmfYMR9CfWvQ7eEXs4AG6NMc+p71o3zaXNEktzzHxHoR0e4UpzC4yD6e1ZMa73Vc8k4r0rxrBC1lOiDJVcjPrXn+kW/wBo1CNScDOatOyJ6noWjjyYIxwTgAAiuitbcTSDMYYgfgKwLGMLgF8cdM1twyuqhYzgnp3Nc6dncqS7EGrXEkBKKu0D0rjL3xUUutrhgV9K7C8spH3BlLbuua5q/wDDqSuW2tHnviqeq2MrNE+l+PYIRlmZcdQeK29R8ZqbYbgwjYZBYVw6eGo4bgM7l1BztPeul1K8uNZtIrXy4xCgC4VO1axdo7ktu+iNzw/cHVkyJF57k8YrZtpFt7pcsGwcZrm9A03+yrcAbsenYVbEjCfOcHORxUxqyhpFGqinvse9eEdN+0eHbi6JXaoJGPpXkmv6yYruZ5WYEnGDxXovwy8RSS6XLYOcRSDaVPX8K8Z+N9w+ga2kVupkgYZy46H0rqblKF7CUEndHT+FdPg12cRvIASRxXZ6z8PY9KsgtzCkkE33TxxXgvgj4gy2V+kf2Rp2POE5/Svbtb+Kul+JNEtbS3L295GuJYZQQynHTJ/Gik1y3mZSlrueLfEDwZ/wjl1FLCFNpI+OnArMSwQJkPGUHK5Ndx45uTe6BbeYhwZDwTn8a4BgXUxiPCY61xVazhL3dUONKMt2XpLO3aMD5D8tNS0Dqi+YgUd6p2yhFxy2f0pHHluDu2E8g1zvETk3sbLDxezLsljAq4mlByfc8U8WdtboVSYFT045FVk+cANjPqabLhmwCTg1n7efQToLrc0J7ez2RMHy46imyy2hiKouG6s2Kz3GBnHPYZqrJOA+SxBA5GBzVe2qSVgWHpvdEVpfwq774trgcEdKn0/VhDdAMCy8nDDrWG93I7HnA9M00T+SwO3J9a2VO2qOhU1bU6qW6W+m3tsSMDoRUMnkysAh/EcViW182WQKdp56Zq9bzYkLFS7MMYH+Fc84yvdsNtCadVDBscr61La3BZSBj6gVRlkwcbCvsT0p0d6qYAPPrS5XYynZmfqkhmu9m87RUTRIhXaDn60anMsl0xUk47kYqFJQNrMNxHvXck+VHM0zYFv5SLK24hh061PBcKQI4mIA5IxSC5+02QXaEYDvzVeN2jPzEZA69Aa5Gr7mkE31Jp3Pmc5UEZ9qYLjPO4emcc1TlvRM/IOF7ZqNrpJPlKcd+KtU3bU6I2voW5ZiJAVY4xxioJLhN+ZDjPYVA1wPlx8qdCM1WmkEjkgfrWsaY5NFua6VvlTIGOCarGZm9KYX3df0pp61sopEN9XqdN4Smw08YIDEZA9a6+81tdGsV2OqvjJ9zXnnh+Ty78AkfMpGa1fE+6WyifJABwRXPLSpa+5T1Q241SfWYLmWWUtxgACo/D1g0DtI68kcCquiXxWE2+zOG3A10McoCk4Az+FEpOL5UQlfU17QqzYC8+vWtyyAkcA8AD0rm9Nk3uOMDv711Fk6MMbQoA4NEXfSxd0bsNis8IURBWA4Jzz9avxaFFcRYkiQD1qtYzFI0LLuGP4TzWna3DzkfMcf3W4/CuqME1/wDN+9sU5vBdjJg7MEjNV4vCMEMgwoB7DFdLuyq+ZiMg9RUV+67P3TYP8AeHer5Vbczdo6nJahZpFI0QI49K5u+uUSXy48GtnxVqkNmBtY/aW4xnr7muUtEmkugzoxB5yBXJK+xqmkrrQ9J+HF4ba+j3P1I+Wu6+Jvwyj8aWbfZkBvPL3IrDh/b/6/tXC+C8LdRIemR2r6g0jTRfeH0vbVM3Fnt8wccoeDj869fCUVVjyv8jhrVHF3Ph7TvCV74Q1Vs2cltL90sykgV0+kfDkeI7lpzK4nBBLoDzX1rrfhvT9QJuPssWG6jbVXSvCVjJmG3to4SuWJVQP1rojg1q7nOq7ktNz5Y+Jnh2XQdCsLdpDMfMOW24AyBjv14P5V5PLOkUhVSAQcZPNfT37Rfg6XTtJguIED4lHLDrkHvXzHqkDC7YugR+hA4rwcVTVOo4ts9ChK8e48S7UDZBzxnpioJpxIw65HftTRF5ahSQc+9PMId1Uj+lcFknc7ObsSfa/LKqe/UgUiXAlikwN2PWhAisF2n0yf8ahmAiJ2bRnqM0JJjlzkks/l4ABCkZLAVE0scvylhtxnkcn8ae0qmNe+Tg45ApksKxlip5I6dqpJGbbW2h//2Q==',NULL);

/*Table structure for table `municipio` */

CREATE TABLE `municipio` (
  `id_municipio` int(11) NOT NULL AUTO_INCREMENT,
  `id_estado` int(11) NOT NULL,
  `municipio` varchar(60) DEFAULT NULL,
  PRIMARY KEY (`id_municipio`)
) ENGINE=InnoDB AUTO_INCREMENT=6 DEFAULT CHARSET=utf8;

/*Data for the table `municipio` */

insert  into `municipio`(`id_municipio`,`id_estado`,`municipio`) values 
(1,1,'Celaya'),
(2,1,'Cortazar'),
(3,1,'Salvatrucha'),
(4,1,'Leon'),
(5,1,'Dolores Hidalgo');

/*Table structure for table `pais` */

CREATE TABLE `pais` (
  `id_pais` int(11) NOT NULL AUTO_INCREMENT,
  `pais` varchar(30) DEFAULT NULL,
  PRIMARY KEY (`id_pais`)
) ENGINE=InnoDB AUTO_INCREMENT=3 DEFAULT CHARSET=utf8;

/*Data for the table `pais` */

insert  into `pais`(`id_pais`,`pais`) values 
(1,'Mexico'),
(2,'Estados Unidos');

/*Table structure for table `posts` */

CREATE TABLE `posts` (
  `id_post` int(11) NOT NULL AUTO_INCREMENT,
  `id_usuario` int(11) NOT NULL,
  `post` varchar(30) NOT NULL,
  `contenido` varchar(300) NOT NULL,
  `id_tema` int(11) NOT NULL,
  `fecha_creado` date NOT NULL,
  `vistas` int(11) DEFAULT '0',
  `bloqueado` tinyint(1) DEFAULT NULL,
  PRIMARY KEY (`id_post`),
  KEY `id_tema` (`id_tema`),
  KEY `id_usuario` (`id_usuario`),
  CONSTRAINT `posts_ibfk_1` FOREIGN KEY (`id_tema`) REFERENCES `temas` (`id_tema`),
  CONSTRAINT `posts_ibfk_2` FOREIGN KEY (`id_usuario`) REFERENCES `usuario` (`id_usuario`)
) ENGINE=InnoDB AUTO_INCREMENT=10 DEFAULT CHARSET=utf8;

/*Data for the table `posts` */

insert  into `posts`(`id_post`,`id_usuario`,`post`,`contenido`,`id_tema`,`fecha_creado`,`vistas`,`bloqueado`) values 
(1,14,'Bienvenido','Bienvenidos al foro espero que sea de su agrado. ',1,'2016-05-23',44,1),
(2,14,'Reglas','Reglas de parte de la moderacion',1,'2016-05-16',2,0),
(3,14,'Como crear un post','textarea\r\nasd',1,'2016-05-23',2,0),
(6,14,'Metasploit android','Apt-get install',12,'2016-05-24',1,0),
(7,17,'Soy Nuevo','No se que poner :v',1,'2016-05-31',1,0),
(9,18,'Como crear un main','int main()\r\n{\r\nreturn 0;\r\n}',3,'2016-06-02',1,NULL);

/*Table structure for table `privilegio` */

CREATE TABLE `privilegio` (
  `id_privilegio` int(11) NOT NULL AUTO_INCREMENT,
  `privilegio` varchar(30) DEFAULT NULL,
  PRIMARY KEY (`id_privilegio`)
) ENGINE=InnoDB AUTO_INCREMENT=18 DEFAULT CHARSET=utf8;

/*Data for the table `privilegio` */

insert  into `privilegio`(`id_privilegio`,`privilegio`) values 
(1,'administrar_todo'),
(2,'crear_tema'),
(3,'eliminar_tema'),
(4,'editar_tema'),
(5,'ver_tema'),
(6,'crear_categoria'),
(7,'editar_categoria'),
(8,'eliminar_categoria'),
(9,'ver_categoria'),
(10,'crear_post'),
(11,'editar_post'),
(12,'eliminar_post'),
(13,'ver_post'),
(14,'crear_replica'),
(15,'ver_replica'),
(16,'eliminar_replica'),
(17,'editar_replica');

/*Table structure for table `replys` */

CREATE TABLE `replys` (
  `id_reply` int(11) NOT NULL AUTO_INCREMENT,
  `id_post` int(11) NOT NULL,
  `texto` varchar(120) NOT NULL,
  `id_usuario` int(11) NOT NULL,
  PRIMARY KEY (`id_reply`),
  KEY `id_post` (`id_post`),
  KEY `replys_usuario_id_usuario_fk` (`id_usuario`),
  CONSTRAINT `replys_ibfk_1` FOREIGN KEY (`id_post`) REFERENCES `posts` (`id_post`),
  CONSTRAINT `replys_usuario_id_usuario_fk` FOREIGN KEY (`id_usuario`) REFERENCES `usuario` (`id_usuario`)
) ENGINE=InnoDB AUTO_INCREMENT=2 DEFAULT CHARSET=utf8;

/*Data for the table `replys` */

insert  into `replys`(`id_reply`,`id_post`,`texto`,`id_usuario`) values 
(1,1,'Muy Bien',14);

/*Table structure for table `rol` */

CREATE TABLE `rol` (
  `id_rol` int(11) NOT NULL AUTO_INCREMENT,
  `rol` varchar(30) DEFAULT NULL,
  PRIMARY KEY (`id_rol`),
  UNIQUE KEY `rol_rol_uindex` (`rol`)
) ENGINE=InnoDB AUTO_INCREMENT=19 DEFAULT CHARSET=utf8;

/*Data for the table `rol` */

insert  into `rol`(`id_rol`,`rol`) values 
(4,'1337'),
(5,'5UP4 H4X0R'),
(1,'Administrador'),
(18,'ass'),
(8,'Kid'),
(2,'Moderador'),
(7,'n00b'),
(6,'Pro'),
(3,'Vip'),
(9,'Visitante');

/*Table structure for table `rol_privilegio` */

CREATE TABLE `rol_privilegio` (
  `id_rol` int(11) NOT NULL,
  `id_privilegio` int(11) NOT NULL,
  PRIMARY KEY (`id_rol`,`id_privilegio`),
  KEY `rol_privFK2` (`id_privilegio`),
  CONSTRAINT `rol_privFK1` FOREIGN KEY (`id_rol`) REFERENCES `rol` (`id_rol`),
  CONSTRAINT `rol_privFK2` FOREIGN KEY (`id_privilegio`) REFERENCES `privilegio` (`id_privilegio`)
) ENGINE=InnoDB DEFAULT CHARSET=utf8;

/*Data for the table `rol_privilegio` */

insert  into `rol_privilegio`(`id_rol`,`id_privilegio`) values 
(1,1),
(1,2),
(2,2),
(1,3),
(2,3),
(1,4),
(2,4),
(1,5),
(2,5),
(1,6),
(2,6),
(1,7),
(2,7),
(1,8),
(2,8),
(1,9),
(2,9),
(1,10),
(2,10),
(8,10),
(1,11),
(2,11),
(8,11),
(1,12),
(2,12),
(8,12),
(1,13),
(2,13),
(8,13),
(1,14),
(2,14),
(8,14),
(1,15),
(2,15),
(8,15),
(1,16),
(2,16),
(8,16),
(1,17),
(2,17),
(8,17);

/*Table structure for table `rol_usuario` */

CREATE TABLE `rol_usuario` (
  `id_rol` int(11) NOT NULL DEFAULT '4',
  `id_usuario` int(11) NOT NULL,
  PRIMARY KEY (`id_rol`,`id_usuario`),
  KEY `rol_usuarioFK2` (`id_usuario`),
  CONSTRAINT `rol_usuarioFK1` FOREIGN KEY (`id_rol`) REFERENCES `rol` (`id_rol`),
  CONSTRAINT `rol_usuarioFK2` FOREIGN KEY (`id_usuario`) REFERENCES `usuario` (`id_usuario`)
) ENGINE=InnoDB DEFAULT CHARSET=utf8;

/*Data for the table `rol_usuario` */

insert  into `rol_usuario`(`id_rol`,`id_usuario`) values 
(2,14),
(1,15),
(8,16),
(8,17),
(8,18);

/*Table structure for table `tema_moderador` */

CREATE TABLE `tema_moderador` (
  `id_miembro` int(11) NOT NULL,
  `id_tema` int(11) NOT NULL,
  KEY `tema_moderador_temas_id_tema_fk` (`id_tema`),
  CONSTRAINT `tema_moderador_temas_id_tema_fk` FOREIGN KEY (`id_tema`) REFERENCES `temas` (`id_tema`)
) ENGINE=InnoDB DEFAULT CHARSET=utf8;

/*Data for the table `tema_moderador` */

insert  into `tema_moderador`(`id_miembro`,`id_tema`) values 
(1,1),
(1,2),
(1,3),
(1,4),
(1,5),
(1,6),
(1,7),
(1,8),
(1,9),
(1,10),
(1,11),
(1,12);

/*Table structure for table `temas` */

CREATE TABLE `temas` (
  `id_tema` int(11) NOT NULL AUTO_INCREMENT,
  `id_categoria` int(11) NOT NULL,
  `tema` varchar(30) NOT NULL,
  `descripcion` varchar(120) NOT NULL,
  `foto` blob,
  `bloqueado` tinyint(1) DEFAULT NULL,
  PRIMARY KEY (`id_tema`),
  UNIQUE KEY `temas_tema_uindex` (`tema`),
  KEY `id_categoria` (`id_categoria`),
  CONSTRAINT `temas_ibfk_1` FOREIGN KEY (`id_categoria`) REFERENCES `categorias` (`id_categoria`)
) ENGINE=InnoDB AUTO_INCREMENT=15 DEFAULT CHARSET=utf8;

/*Data for the table `temas` */

insert  into `temas`(`id_tema`,`id_categoria`,`tema`,`descripcion`,`foto`,`bloqueado`) values 
(1,1,'Anuncios Generales','Anuncions por la administracion o moderacion',NULL,1),
(2,1,'FAQ','Preguntas Frecuentes',NULL,1),
(3,2,'C++','Lenguaje de Programacion C++',NULL,0),
(4,2,'Java','Lenguaje de Programacion Java',NULL,0),
(5,2,'PHP','Lenguaje de Programacion PHP',NULL,0),
(6,2,'Python','Lenguaje de Programacion Python',NULL,0),
(7,2,'Ruby','Lenguaje de Programacion Ruby',NULL,0),
(8,2,'Swift','Lenguaje de Programacion Swift',NULL,0),
(9,3,'Androides','Preguntas Frecuentes',NULL,0),
(10,3,'Circuitos','Preguntas Frecuentes',NULL,0),
(11,3,'Drones','Preguntas Frecuentes',NULL,0),
(12,4,'Hackeo Moviles','Hackeo de moviles usando tecnicas','',0);

/*Table structure for table `usuario` */

CREATE TABLE `usuario` (
  `id_usuario` int(11) NOT NULL AUTO_INCREMENT,
  `email` varchar(50) NOT NULL,
  `password` varchar(61) NOT NULL,
  `clave` varchar(32) DEFAULT NULL,
  `usuario` varchar(50) DEFAULT NULL,
  PRIMARY KEY (`id_usuario`),
  UNIQUE KEY `usuario_email_uindex` (`email`),
  UNIQUE KEY `usuario_usuario_uindex` (`usuario`)
) ENGINE=InnoDB AUTO_INCREMENT=19 DEFAULT CHARSET=utf8;

/*Data for the table `usuario` */

insert  into `usuario`(`id_usuario`,`email`,`password`,`clave`,`usuario`) values 
(14,'creshandkesh@gmail.com','$2y$12$u83r13375up4h4x0rm45suhi7zDZVD.n6r8QlwhcdNyEVK9MgulLe','152bef1754fde983b6ade9bcff7e0fbd','cresh'),
(15,'admin@foroweb.com','$2y$12$u83r13375up4h4x0rm45suJpkSyp7DC73/YOPtm5xNVJ5.0xi4Kv.',NULL,'creshmaster'),
(16,'asd@asd.com','$2y$12$u83r13375up4h4x0rm45suJpkSyp7DC73/YOPtm5xNVJ5.0xi4Kv.',NULL,'asd'),
(17,'lopez@lopez.com','$2y$12$u83r13375up4h4x0rm45suJpkSyp7DC73/YOPtm5xNVJ5.0xi4Kv.',NULL,'lopez'),
(18,'cresh@live.com.mx','$2y$12$u83r13375up4h4x0rm45suJpkSyp7DC73/YOPtm5xNVJ5.0xi4Kv.',NULL,'cris');

/*!40101 SET SQL_MODE=@OLD_SQL_MODE */;
/*!40014 SET FOREIGN_KEY_CHECKS=@OLD_FOREIGN_KEY_CHECKS */;
/*!40014 SET UNIQUE_CHECKS=@OLD_UNIQUE_CHECKS */;
/*!40111 SET SQL_NOTES=@OLD_SQL_NOTES */;
